lc_small_channel_name,锁单数,助攻数_400留资,助攻数_AIGC名片,助攻数_APP,助攻数_APP-试乘试驾,助攻数_APP-预约上门试驾,助攻数_APP报名,助攻数_APP留资,助攻数_APP行为激活,助攻数_B站官号,助攻数_B站效果应用推广,助攻数_B站效果投放,助攻数_B站达人视频,助攻数_CSOP活动,助攻数_CSOP活动（门店）,助攻数_JD汽车,助攻数_LS6-66度客户激活,助攻数_Popup,助攻数_Popup（门店）,助攻数_三垂投放（区域）,助攻数_上财（门店）,助攻数_企微投放（门店）,助攻数_信息流-短视频,助攻数_其他历史线索,助攻数_其他活动（门店）,助攻数_内部员工,助攻数_历史数据,助攻数_历史数据1,助攻数_历史线索,助攻数_友享,助攻数_品牌-微信视频号,助攻数_品牌投放-58汽车,助攻数_品牌投放-太平洋汽车,助攻数_品牌投放-头条,助攻数_品牌投放-微信搜一搜,助攻数_品牌投放-微博,助攻数_品牌投放-懂车帝,助攻数_品牌投放-抖音,助攻数_品牌投放-易车,助攻数_品牌投放-汽车之家,助攻数_品牌投放-爱卡汽车,助攻数_品牌投放-百度品专,助攻数_品牌投放-百度地图,助攻数_品牌投放-百度购车宝,助攻数_商圈主动拓客,助攻数_地推,助攻数_地推（门店）,助攻数_大模型线索挖掘,助攻数_头条-号外,助攻数_字节APP,助攻数_字节效果-星声场搜索,助攻数_字节效果-星声场留资,助攻数_字节效果-盘龙留资,助攻数_字节效果-群邑留资,助攻数_字节效果-聚胜搜索,助攻数_字节效果-聚胜留资,助攻数_官网-试乘试驾,助攻数_小程序留资,助攻数_小红书-效果,助攻数_小红书-矩阵,助攻数_小红书圈层活动,助攻数_小红书私信,助攻数_巨懂车,助攻数_异地线索,助攻数_微信公众号,助攻数_微信小程序,助攻数_微信小程序-试乘试驾,助攻数_微信服务号-,助攻数_心愿单,助攻数_总部孵化,助攻数_总部孵化线索,助攻数_意向金,助攻数_懂车帝,助攻数_懂车帝-效果联盟,助攻数_懂车帝卖车通,助攻数_懂车帝卖车通-400,助攻数_懂车帝增效,助攻数_懂车帝生服,助攻数_战败激活,助攻数_户外电梯广告,助攻数_抖音,助攻数_抖音-内容热推,助攻数_抖音-矩阵,助攻数_抖音SCRM,助攻数_抖音小程序,助攻数_抖音小程序-试乘试驾,助攻数_抖音引流短视频,助攻数_抖音本地生活服务,助攻数_抖音来客电商,助攻数_抖音达人运营,助攻数_新媒体-小红书,助攻数_新媒体-快手,助攻数_新媒体-抖音,助攻数_新媒体-视频号,助攻数_旅游行业,助攻数_易车,助攻数_易车-效果,助攻数_易车-达播,助攻数_易车伙伴400,助攻数_易车伙伴网单,助攻数_智己生活家,助攻数_智己福利社,助攻数_朋友圈投放（区域）,助攻数_汽车之家,助攻数_汽车之家-效果,助攻数_汽车之家车商汇,助攻数_汽车之家车商汇400,助攻数_汽车金融平台,助攻数_活动自然参与,助攻数_活动邀约用户,助攻数_用户裂变,助攻数_百度-搜索SEM竞价,助攻数_直接大定,助攻数_直播业务(Group),助攻数_私人管家,助攻数_经销商保客,助攻数_老带新活动,助攻数_腾讯-朋友圈广告,助攻数_腾讯ADQ-新意,助攻数_腾讯ADQ-有车,助攻数_腾讯ADQ-海南明舟,助攻数_腾讯ADQ-盘龙,助攻数_腾讯ADQ-盟聚,助攻数_腾讯ADQ-省广,助攻数_腾讯ADQ-聚胜,助攻数_腾讯ADQ-蔚蓝,助攻数_腾讯效果-盟聚,助攻数_自然客流,助攻数_视频号-达人矩阵,助攻数_试驾会（门店）,助攻数_车主活动推荐,助攻数_车展,助攻数_车展（门店）,助攻数_达人获客-潮驱,助攻数_邀请落地页-试乘试驾,助攻数_门店战败激活,助攻数_集团客户,助攻数_高意向线索
400留资,46,0.0,0.0,0.0,4.0,0.0,0.0,2.0,0.0,0.0,0.0,0.0,0.0,0.0,0.0,0.0,0.0,0.0,9.0,0.0,0.0,0.0,0.0,2.0,0.0,0.0,0.0,0.0,0.0,0.0,0.0,0.0,0.0,0.0,0.0,0.0,0.0,0.0,0.0,0.0,0.0,0.0,0.0,0.0,0.0,0.0,3.0,1.0,0.0,0.0,0.0,3.0,1.0,1.0,0.0,0.0,0.0,2.0,0.0,0.0,0.0,0.0,0.0,0.0,0.0,0.0,1.0,0.0,3.0,0.0,0.0,15.0,1.0,0.0,2.0,0.0,0.0,0.0,1.0,0.0,0.0,0.0,3.0,0.0,0.0,0.0,0.0,0.0,0.0,0.0,2.0,0.0,9.0,0.0,0.0,2.0,0.0,0.0,0.0,0.0,1.0,0.0,0.0,4.0,0.0,1.0,2.0,0.0,1.0,0.0,2.0,0.0,6.0,5.0,3.0,0.0,0.0,0.0,0.0,0.0,0.0,0.0,1.0,0.0,0.0,0.0,0.0,46.0,0.0,0.0,3.0,0.0,2.0,0.0,0.0,2.0,0.0,0.0
AIGC名片,4,0.0,0.0,0.0,1.0,0.0,0.0,0.0,0.0,0.0,0.0,0.0,0.0,0.0,0.0,0.0,0.0,0.0,1.0,0.0,0.0,0.0,0.0,0.0,0.0,0.0,0.0,0.0,0.0,0.0,0.0,0.0,0.0,0.0,0.0,0.0,0.0,0.0,0.0,0.0,0.0,0.0,0.0,0.0,0.0,0.0,0.0,0.0,0.0,0.0,0.0,0.0,0.0,0.0,0.0,0.0,0.0,0.0,0.0,0.0,0.0,0.0,0.0,0.0,0.0,0.0,0.0,0.0,0.0,0.0,0.0,5.0,0.0,0.0,0.0,0.0,0.0,0.0,1.0,0.0,0.0,0.0,0.0,0.0,0.0,0.0,0.0,0.0,0.0,0.0,0.0,0.0,0.0,0.0,0.0,0.0,0.0,0.0,0.0,0.0,0.0,0.0,0.0,0.0,0.0,1.0,0.0,0.0,0.0,0.0,0.0,0.0,1.0,0.0,1.0,0.0,0.0,0.0,0.0,0.0,0.0,0.0,0.0,0.0,0.0,0.0,0.0,4.0,0.0,0.0,0.0,0.0,0.0,0.0,0.0,0.0,0.0,0.0
APP,2290,1.0,0.0,0.0,147.0,1.0,0.0,119.0,90.0,0.0,1.0,0.0,0.0,0.0,0.0,4.0,1.0,0.0,113.0,0.0,0.0,1.0,0.0,6.0,0.0,0.0,0.0,0.0,2.0,0.0,0.0,1.0,0.0,0.0,1.0,0.0,1.0,1.0,1.0,0.0,0.0,0.0,0.0,10.0,2.0,0.0,48.0,0.0,0.0,3.0,0.0,0.0,0.0,1.0,0.0,0.0,0.0,19.0,0.0,3.0,0.0,7.0,0.0,3.0,0.0,1.0,14.0,0.0,138.0,16.0,13.0,296.0,65.0,1.0,43.0,8.0,0.0,0.0,104.0,0.0,0.0,0.0,59.0,0.0,0.0,0.0,0.0,0.0,0.0,0.0,42.0,0.0,291.0,4.0,0.0,52.0,4.0,0.0,8.0,57.0,3.0,0.0,2.0,29.0,0.0,24.0,6.0,0.0,84.0,0.0,59.0,1.0,201.0,30.0,11.0,5.0,1.0,0.0,0.0,0.0,1.0,0.0,0.0,0.0,1.0,0.0,0.0,1268.0,0.0,0.0,39.0,1.0,46.0,1.0,1.0,20.0,0.0,0.0
APP-试乘试驾,1061,9.0,0.0,421.0,0.0,2.0,7.0,88.0,68.0,0.0,9.0,1.0,0.0,0.0,0.0,1.0,24.0,2.0,613.0,1.0,0.0,2.0,2.0,130.0,10.0,22.0,3.0,0.0,7.0,0.0,0.0,3.0,5.0,5.0,4.0,0.0,21.0,19.0,0.0,11.0,2.0,0.0,1.0,16.0,10.0,0.0,238.0,0.0,1.0,27.0,19.0,80.0,8.0,57.0,0.0,3.0,41.0,55.0,6.0,13.0,1.0,36.0,1.0,5.0,19.0,30.0,177.0,22.0,502.0,16.0,6.0,673.0,98.0,37.0,293.0,45.0,0.0,1.0,111.0,6.0,0.0,5.0,350.0,5.0,22.0,14.0,1.0,0.0,0.0,1.0,110.0,1.0,644.0,4.0,0.0,77.0,10.0,2.0,24.0,158.0,11.0,0.0,3.0,50.0,3.0,160.0,63.0,0.0,354.0,14.0,277.0,24.0,486.0,349.0,13.0,2.0,19.0,2.0,11.0,9.0,58.0,38.0,24.0,7.0,83.0,2.0,0.0,4416.0,0.0,38.0,109.0,26.0,355.0,3.0,13.0,50.0,3.0,1.0
APP留资,848,3.0,0.0,50.0,79.0,0.0,0.0,0.0,35.0,1.0,5.0,0.0,0.0,0.0,0.0,0.0,0.0,0.0,67.0,2.0,0.0,0.0,3.0,13.0,0.0,0.0,0.0,0.0,1.0,0.0,2.0,0.0,0.0,0.0,1.0,0.0,0.0,1.0,0.0,2.0,0.0,0.0,0.0,0.0,2.0,0.0,17.0,0.0,0.0,13.0,0.0,1.0,0.0,0.0,0.0,0.0,1.0,13.0,0.0,5.0,0.0,4.0,0.0,2.0,1.0,3.0,7.0,1.0,48.0,7.0,5.0,145.0,19.0,0.0,30.0,4.0,0.0,0.0,26.0,0.0,0.0,0.0,29.0,0.0,6.0,0.0,0.0,0.0,0.0,0.0,25.0,0.0,143.0,0.0,0.0,15.0,3.0,0.0,9.0,19.0,1.0,0.0,2.0,20.0,0.0,22.0,3.0,0.0,35.0,0.0,23.0,0.0,97.0,26.0,3.0,1.0,1.0,0.0,5.0,0.0,2.0,0.0,0.0,0.0,8.0,0.0,0.0,640.0,0.0,1.0,14.0,2.0,30.0,0.0,0.0,7.0,0.0,0.0
APP行为激活,522,2.0,0.0,160.0,124.0,0.0,8.0,79.0,0.0,0.0,1.0,0.0,1.0,0.0,1.0,0.0,2.0,15.0,293.0,2.0,0.0,0.0,1.0,159.0,0.0,0.0,1.0,0.0,42.0,0.0,0.0,0.0,0.0,0.0,3.0,0.0,1.0,0.0,0.0,1.0,0.0,3.0,0.0,11.0,5.0,0.0,30.0,0.0,0.0,20.0,0.0,2.0,0.0,4.0,0.0,0.0,9.0,46.0,0.0,8.0,0.0,9.0,0.0,0.0,0.0,19.0,75.0,2.0,166.0,35.0,27.0,760.0,46.0,0.0,95.0,7.0,0.0,0.0,85.0,0.0,0.0,3.0,113.0,0.0,18.0,0.0,0.0,0.0,0.0,3.0,80.0,0.0,351.0,1.0,0.0,37.0,4.0,0.0,15.0,63.0,0.0,0.0,0.0,46.0,0.0,44.0,12.0,0.0,138.0,6.0,154.0,0.0,304.0,91.0,12.0,3.0,35.0,0.0,3.0,0.0,3.0,1.0,3.0,0.0,37.0,0.0,0.0,2074.0,0.0,7.0,48.0,4.0,88.0,0.0,3.0,37.0,0.0,0.0
B站官号,11,0.0,0.0,0.0,1.0,0.0,0.0,2.0,0.0,0.0,0.0,0.0,0.0,0.0,0.0,0.0,0.0,0.0,0.0,0.0,0.0,0.0,1.0,0.0,0.0,0.0,0.0,0.0,0.0,0.0,0.0,0.0,0.0,0.0,0.0,0.0,0.0,0.0,0.0,0.0,0.0,0.0,0.0,0.0,0.0,0.0,0.0,0.0,0.0,0.0,0.0,0.0,0.0,0.0,0.0,0.0,0.0,1.0,0.0,0.0,0.0,1.0,0.0,0.0,0.0,0.0,0.0,0.0,1.0,0.0,0.0,2.0,0.0,0.0,0.0,0.0,0.0,0.0,0.0,0.0,0.0,0.0,0.0,0.0,0.0,1.0,0.0,0.0,0.0,0.0,0.0,0.0,0.0,0.0,0.0,1.0,0.0,0.0,0.0,1.0,0.0,0.0,0.0,0.0,0.0,0.0,0.0,0.0,0.0,0.0,0.0,0.0,0.0,0.0,0.0,0.0,0.0,0.0,0.0,0.0,0.0,0.0,0.0,0.0,0.0,0.0,0.0,9.0,0.0,0.0,0.0,0.0,0.0,0.0,0.0,0.0,0.0,0.0
B站效果应用推广,159,0.0,0.0,2.0,7.0,0.0,0.0,3.0,1.0,0.0,0.0,0.0,0.0,0.0,0.0,0.0,0.0,0.0,7.0,0.0,0.0,0.0,0.0,0.0,0.0,0.0,0.0,0.0,0.0,0.0,0.0,0.0,0.0,0.0,0.0,0.0,0.0,0.0,0.0,0.0,0.0,0.0,0.0,0.0,0.0,0.0,3.0,0.0,0.0,0.0,0.0,0.0,0.0,0.0,0.0,0.0,0.0,1.0,0.0,0.0,0.0,0.0,0.0,0.0,0.0,0.0,1.0,0.0,4.0,2.0,0.0,7.0,4.0,0.0,0.0,1.0,0.0,0.0,2.0,0.0,0.0,0.0,1.0,0.0,0.0,0.0,0.0,0.0,0.0,0.0,2.0,0.0,5.0,0.0,0.0,3.0,0.0,0.0,1.0,0.0,0.0,0.0,0.0,0.0,0.0,0.0,1.0,0.0,0.0,0.0,2.0,0.0,3.0,2.0,0.0,0.0,0.0,0.0,0.0,0.0,0.0,0.0,0.0,0.0,0.0,0.0,0.0,42.0,0.0,0.0,1.0,0.0,2.0,0.0,0.0,0.0,0.0,0.0
B站效果投放,2,0.0,0.0,0.0,0.0,0.0,0.0,0.0,0.0,0.0,0.0,0.0,0.0,0.0,0.0,0.0,0.0,0.0,0.0,0.0,0.0,0.0,0.0,0.0,0.0,0.0,0.0,0.0,0.0,0.0,0.0,0.0,0.0,0.0,0.0,0.0,0.0,0.0,0.0,0.0,0.0,0.0,0.0,0.0,0.0,0.0,0.0,0.0,0.0,0.0,0.0,0.0,0.0,0.0,0.0,0.0,0.0,0.0,0.0,0.0,0.0,0.0,0.0,0.0,0.0,0.0,0.0,0.0,0.0,0.0,0.0,0.0,0.0,0.0,0.0,0.0,0.0,0.0,0.0,0.0,0.0,0.0,0.0,0.0,0.0,0.0,0.0,0.0,0.0,0.0,0.0,0.0,0.0,0.0,0.0,0.0,0.0,0.0,0.0,0.0,0.0,0.0,0.0,0.0,0.0,0.0,0.0,0.0,0.0,0.0,0.0,0.0,0.0,0.0,0.0,0.0,0.0,0.0,0.0,0.0,0.0,0.0,0.0,0.0,0.0,0.0,0.0,0.0,0.0,0.0,0.0,0.0,0.0,0.0,0.0,0.0,0.0,0.0
B站达人视频,3,0.0,0.0,0.0,0.0,0.0,0.0,0.0,0.0,0.0,0.0,0.0,0.0,0.0,0.0,0.0,0.0,0.0,0.0,0.0,0.0,0.0,0.0,0.0,0.0,0.0,0.0,0.0,0.0,0.0,0.0,0.0,0.0,0.0,0.0,0.0,0.0,0.0,0.0,0.0,0.0,0.0,0.0,0.0,0.0,0.0,0.0,0.0,0.0,0.0,0.0,0.0,0.0,0.0,0.0,0.0,0.0,0.0,0.0,0.0,0.0,0.0,0.0,0.0,0.0,0.0,0.0,0.0,0.0,0.0,0.0,1.0,0.0,0.0,0.0,0.0,0.0,0.0,1.0,0.0,0.0,0.0,0.0,0.0,0.0,0.0,0.0,0.0,0.0,0.0,0.0,0.0,0.0,0.0,0.0,0.0,0.0,0.0,0.0,1.0,0.0,0.0,0.0,0.0,0.0,0.0,0.0,0.0,0.0,0.0,0.0,0.0,0.0,0.0,0.0,0.0,0.0,0.0,0.0,0.0,0.0,0.0,0.0,0.0,0.0,0.0,0.0,1.0,0.0,0.0,0.0,0.0,0.0,0.0,0.0,0.0,0.0,0.0
CSOP活动,0,0.0,0.0,0.0,0.0,0.0,0.0,0.0,0.0,0.0,0.0,0.0,0.0,0.0,0.0,0.0,0.0,0.0,0.0,0.0,0.0,0.0,0.0,0.0,0.0,0.0,0.0,0.0,0.0,0.0,0.0,0.0,0.0,0.0,0.0,0.0,0.0,0.0,0.0,0.0,0.0,0.0,0.0,0.0,0.0,0.0,0.0,0.0,0.0,0.0,0.0,0.0,0.0,0.0,0.0,0.0,0.0,0.0,0.0,0.0,0.0,0.0,0.0,0.0,0.0,0.0,0.0,0.0,0.0,0.0,0.0,0.0,0.0,0.0,0.0,0.0,0.0,0.0,0.0,0.0,0.0,0.0,0.0,0.0,0.0,0.0,0.0,0.0,0.0,0.0,0.0,0.0,0.0,0.0,0.0,0.0,0.0,0.0,0.0,0.0,0.0,0.0,0.0,0.0,0.0,0.0,0.0,0.0,0.0,0.0,0.0,0.0,0.0,0.0,0.0,0.0,0.0,0.0,0.0,0.0,0.0,0.0,0.0,0.0,0.0,0.0,0.0,0.0,0.0,0.0,0.0,0.0,0.0,0.0,0.0,0.0,0.0,0.0
JD汽车,137,0.0,0.0,0.0,0.0,0.0,0.0,0.0,0.0,0.0,0.0,0.0,0.0,0.0,0.0,0.0,0.0,0.0,2.0,0.0,0.0,0.0,0.0,1.0,0.0,0.0,0.0,0.0,0.0,0.0,0.0,0.0,0.0,0.0,0.0,0.0,0.0,0.0,0.0,0.0,1.0,0.0,0.0,8.0,0.0,0.0,1.0,0.0,0.0,0.0,0.0,0.0,0.0,0.0,0.0,0.0,0.0,0.0,0.0,0.0,0.0,1.0,0.0,0.0,1.0,1.0,0.0,0.0,1.0,0.0,0.0,5.0,0.0,0.0,2.0,0.0,0.0,0.0,0.0,0.0,0.0,0.0,3.0,0.0,0.0,0.0,0.0,0.0,0.0,0.0,2.0,0.0,4.0,0.0,0.0,0.0,0.0,0.0,0.0,0.0,0.0,0.0,0.0,0.0,0.0,3.0,0.0,0.0,1.0,0.0,2.0,1.0,5.0,7.0,0.0,0.0,1.0,0.0,0.0,0.0,0.0,0.0,0.0,0.0,1.0,0.0,0.0,36.0,0.0,0.0,0.0,0.0,1.0,0.0,0.0,2.0,0.0,0.0
LS6-66度客户激活,8,1.0,0.0,33.0,21.0,0.0,0.0,18.0,11.0,0.0,1.0,0.0,0.0,0.0,0.0,0.0,0.0,1.0,23.0,0.0,0.0,0.0,0.0,6.0,0.0,1.0,0.0,0.0,1.0,0.0,0.0,0.0,0.0,0.0,0.0,0.0,0.0,0.0,0.0,0.0,1.0,0.0,0.0,3.0,1.0,0.0,6.0,0.0,0.0,9.0,0.0,2.0,0.0,0.0,0.0,0.0,2.0,12.0,0.0,1.0,0.0,0.0,1.0,0.0,0.0,1.0,10.0,0.0,13.0,4.0,6.0,81.0,8.0,0.0,11.0,0.0,0.0,0.0,15.0,0.0,0.0,0.0,13.0,0.0,2.0,0.0,0.0,0.0,0.0,0.0,1.0,0.0,26.0,0.0,0.0,2.0,1.0,0.0,5.0,4.0,0.0,0.0,1.0,3.0,0.0,2.0,0.0,0.0,20.0,0.0,10.0,0.0,14.0,19.0,2.0,0.0,0.0,0.0,2.0,0.0,2.0,1.0,0.0,0.0,6.0,0.0,0.0,187.0,0.0,0.0,2.0,2.0,8.0,0.0,0.0,2.0,0.0,0.0
Popup,0,0.0,0.0,0.0,0.0,0.0,0.0,0.0,0.0,0.0,0.0,0.0,0.0,0.0,0.0,0.0,0.0,0.0,0.0,0.0,0.0,0.0,0.0,0.0,0.0,0.0,0.0,0.0,0.0,0.0,0.0,0.0,0.0,0.0,0.0,0.0,0.0,0.0,0.0,0.0,0.0,0.0,0.0,0.0,0.0,0.0,0.0,0.0,0.0,0.0,0.0,0.0,0.0,0.0,0.0,0.0,0.0,0.0,0.0,0.0,0.0,0.0,0.0,0.0,0.0,0.0,0.0,0.0,0.0,0.0,0.0,0.0,0.0,0.0,0.0,0.0,0.0,0.0,0.0,0.0,0.0,0.0,0.0,0.0,0.0,0.0,0.0,0.0,0.0,0.0,0.0,0.0,0.0,0.0,0.0,0.0,0.0,0.0,0.0,0.0,0.0,0.0,0.0,0.0,0.0,0.0,0.0,0.0,0.0,0.0,0.0,0.0,0.0,0.0,0.0,0.0,0.0,0.0,0.0,0.0,0.0,0.0,0.0,0.0,0.0,0.0,0.0,0.0,0.0,0.0,0.0,0.0,0.0,0.0,0.0,0.0,0.0,0.0
Popup（门店）,3146,3.0,1.0,48.0,31.0,0.0,1.0,18.0,16.0,1.0,0.0,0.0,0.0,0.0,0.0,5.0,4.0,0.0,0.0,0.0,0.0,0.0,1.0,14.0,0.0,3.0,0.0,1.0,2.0,0.0,0.0,1.0,0.0,1.0,2.0,0.0,0.0,3.0,1.0,1.0,1.0,0.0,0.0,15.0,3.0,0.0,52.0,0.0,0.0,6.0,1.0,2.0,2.0,0.0,0.0,0.0,0.0,19.0,0.0,8.0,1.0,6.0,0.0,1.0,0.0,2.0,25.0,4.0,39.0,5.0,2.0,151.0,49.0,2.0,58.0,10.0,0.0,0.0,32.0,0.0,0.0,0.0,102.0,0.0,3.0,0.0,0.0,0.0,0.0,0.0,35.0,0.0,208.0,2.0,0.0,28.0,5.0,0.0,16.0,55.0,1.0,0.0,2.0,31.0,0.0,37.0,9.0,0.0,94.0,1.0,43.0,0.0,126.0,53.0,0.0,0.0,0.0,0.0,2.0,0.0,4.0,2.0,0.0,1.0,5.0,0.0,0.0,1059.0,0.0,14.0,29.0,2.0,80.0,0.0,3.0,25.0,0.0,0.0
三垂投放（区域）,7,0.0,0.0,1.0,0.0,0.0,0.0,0.0,0.0,0.0,0.0,0.0,0.0,0.0,0.0,0.0,0.0,0.0,1.0,0.0,0.0,0.0,0.0,0.0,0.0,0.0,0.0,0.0,0.0,0.0,0.0,0.0,0.0,0.0,0.0,0.0,1.0,0.0,0.0,0.0,0.0,0.0,0.0,0.0,0.0,0.0,0.0,0.0,0.0,0.0,0.0,0.0,0.0,0.0,0.0,0.0,0.0,2.0,0.0,0.0,0.0,0.0,0.0,0.0,0.0,0.0,0.0,0.0,0.0,0.0,0.0,1.0,1.0,0.0,1.0,0.0,0.0,0.0,1.0,0.0,0.0,0.0,2.0,0.0,0.0,0.0,0.0,0.0,0.0,0.0,1.0,0.0,2.0,0.0,0.0,0.0,0.0,0.0,0.0,1.0,0.0,0.0,0.0,0.0,0.0,1.0,1.0,0.0,0.0,0.0,1.0,0.0,0.0,0.0,0.0,0.0,0.0,0.0,0.0,0.0,0.0,0.0,0.0,0.0,0.0,0.0,0.0,5.0,0.0,0.0,0.0,0.0,0.0,0.0,0.0,0.0,0.0,0.0
三方线索挖掘,0,0.0,0.0,0.0,0.0,0.0,0.0,0.0,0.0,0.0,0.0,0.0,0.0,0.0,0.0,0.0,0.0,0.0,0.0,0.0,0.0,0.0,0.0,0.0,0.0,0.0,0.0,0.0,0.0,0.0,0.0,0.0,0.0,0.0,0.0,0.0,0.0,0.0,0.0,0.0,0.0,0.0,0.0,0.0,0.0,0.0,0.0,0.0,0.0,0.0,0.0,0.0,0.0,0.0,0.0,0.0,0.0,0.0,0.0,0.0,0.0,0.0,0.0,0.0,0.0,0.0,0.0,0.0,0.0,0.0,0.0,0.0,0.0,0.0,0.0,0.0,0.0,0.0,0.0,0.0,0.0,0.0,0.0,0.0,0.0,0.0,0.0,0.0,0.0,0.0,0.0,0.0,0.0,0.0,0.0,0.0,0.0,0.0,0.0,0.0,0.0,0.0,0.0,0.0,0.0,0.0,0.0,0.0,0.0,0.0,0.0,0.0,0.0,0.0,0.0,0.0,0.0,0.0,0.0,0.0,0.0,0.0,0.0,0.0,0.0,0.0,0.0,0.0,0.0,0.0,0.0,0.0,0.0,0.0,0.0,0.0,0.0,0.0
上汽保险,0,0.0,0.0,0.0,0.0,0.0,0.0,0.0,0.0,0.0,0.0,0.0,0.0,0.0,0.0,0.0,0.0,0.0,0.0,0.0,0.0,0.0,0.0,0.0,0.0,0.0,0.0,0.0,0.0,0.0,0.0,0.0,0.0,0.0,0.0,0.0,0.0,0.0,0.0,0.0,0.0,0.0,0.0,0.0,0.0,0.0,0.0,0.0,0.0,0.0,0.0,0.0,0.0,0.0,0.0,0.0,0.0,0.0,0.0,0.0,0.0,0.0,0.0,0.0,0.0,0.0,0.0,0.0,0.0,0.0,0.0,0.0,0.0,0.0,0.0,0.0,0.0,0.0,0.0,0.0,0.0,0.0,0.0,0.0,0.0,0.0,0.0,0.0,0.0,0.0,0.0,0.0,0.0,0.0,0.0,0.0,0.0,0.0,0.0,0.0,0.0,0.0,0.0,0.0,0.0,0.0,0.0,0.0,0.0,0.0,0.0,0.0,0.0,0.0,0.0,0.0,0.0,0.0,0.0,0.0,0.0,0.0,0.0,0.0,0.0,0.0,0.0,0.0,0.0,0.0,0.0,0.0,0.0,0.0,0.0,0.0,0.0,0.0
上财,0,0.0,0.0,0.0,0.0,0.0,0.0,0.0,0.0,0.0,0.0,0.0,0.0,0.0,0.0,0.0,0.0,0.0,0.0,0.0,0.0,0.0,0.0,0.0,0.0,0.0,0.0,0.0,0.0,0.0,0.0,0.0,0.0,0.0,0.0,0.0,0.0,0.0,0.0,0.0,0.0,0.0,0.0,0.0,0.0,0.0,0.0,0.0,0.0,0.0,0.0,0.0,0.0,0.0,0.0,0.0,0.0,0.0,0.0,0.0,0.0,0.0,0.0,0.0,0.0,0.0,0.0,0.0,0.0,0.0,0.0,0.0,0.0,0.0,0.0,0.0,0.0,0.0,0.0,0.0,0.0,0.0,0.0,0.0,0.0,0.0,0.0,0.0,0.0,0.0,0.0,0.0,0.0,0.0,0.0,0.0,0.0,0.0,0.0,0.0,0.0,0.0,0.0,0.0,0.0,0.0,0.0,0.0,0.0,0.0,0.0,0.0,0.0,0.0,0.0,0.0,0.0,0.0,0.0,0.0,0.0,0.0,0.0,0.0,0.0,0.0,0.0,0.0,0.0,0.0,0.0,0.0,0.0,0.0,0.0,0.0,0.0,0.0
上财（门店）,0,0.0,0.0,0.0,0.0,0.0,0.0,0.0,0.0,0.0,0.0,0.0,0.0,0.0,0.0,0.0,0.0,0.0,0.0,0.0,0.0,0.0,0.0,0.0,0.0,0.0,0.0,0.0,0.0,0.0,0.0,0.0,0.0,0.0,0.0,0.0,0.0,0.0,0.0,0.0,0.0,0.0,0.0,0.0,0.0,0.0,0.0,0.0,0.0,0.0,0.0,0.0,0.0,0.0,0.0,0.0,0.0,0.0,0.0,0.0,0.0,0.0,0.0,0.0,0.0,0.0,0.0,0.0,0.0,0.0,0.0,0.0,0.0,0.0,0.0,0.0,0.0,0.0,0.0,0.0,0.0,0.0,0.0,0.0,0.0,0.0,0.0,0.0,0.0,0.0,0.0,0.0,0.0,0.0,0.0,1.0,0.0,0.0,0.0,0.0,0.0,0.0,0.0,0.0,0.0,0.0,0.0,0.0,0.0,0.0,0.0,0.0,0.0,0.0,0.0,0.0,0.0,0.0,0.0,0.0,0.0,0.0,0.0,0.0,0.0,0.0,0.0,0.0,0.0,0.0,0.0,0.0,0.0,0.0,0.0,0.0,0.0,0.0
产品专家,0,0.0,0.0,0.0,0.0,0.0,0.0,0.0,0.0,0.0,0.0,0.0,0.0,0.0,0.0,0.0,0.0,0.0,0.0,0.0,0.0,0.0,0.0,0.0,0.0,0.0,0.0,0.0,0.0,0.0,0.0,0.0,0.0,0.0,0.0,0.0,0.0,0.0,0.0,0.0,0.0,0.0,0.0,0.0,0.0,0.0,0.0,0.0,0.0,0.0,0.0,0.0,0.0,0.0,0.0,0.0,0.0,0.0,0.0,0.0,0.0,0.0,0.0,0.0,0.0,0.0,0.0,0.0,0.0,0.0,0.0,0.0,0.0,0.0,0.0,0.0,0.0,0.0,0.0,0.0,0.0,0.0,0.0,0.0,0.0,0.0,0.0,0.0,0.0,0.0,0.0,0.0,0.0,0.0,0.0,0.0,0.0,0.0,0.0,0.0,0.0,0.0,0.0,0.0,0.0,0.0,0.0,0.0,0.0,0.0,0.0,0.0,0.0,0.0,0.0,0.0,0.0,0.0,0.0,0.0,0.0,0.0,0.0,0.0,0.0,0.0,0.0,0.0,0.0,0.0,0.0,0.0,0.0,0.0,0.0,0.0,0.0,0.0
产销协调专用,0,0.0,0.0,0.0,0.0,0.0,0.0,0.0,0.0,0.0,0.0,0.0,0.0,0.0,0.0,0.0,0.0,0.0,0.0,0.0,0.0,0.0,0.0,0.0,0.0,0.0,0.0,0.0,0.0,0.0,0.0,0.0,0.0,0.0,0.0,0.0,0.0,0.0,0.0,0.0,0.0,0.0,0.0,0.0,0.0,0.0,0.0,0.0,0.0,0.0,0.0,0.0,0.0,0.0,0.0,0.0,0.0,0.0,0.0,0.0,0.0,0.0,0.0,0.0,0.0,0.0,0.0,0.0,0.0,0.0,0.0,0.0,0.0,0.0,0.0,0.0,0.0,0.0,0.0,0.0,0.0,0.0,0.0,0.0,0.0,0.0,0.0,0.0,0.0,0.0,0.0,0.0,0.0,0.0,0.0,0.0,0.0,0.0,0.0,0.0,0.0,0.0,0.0,0.0,0.0,0.0,0.0,0.0,0.0,0.0,0.0,0.0,0.0,0.0,0.0,0.0,0.0,0.0,0.0,0.0,0.0,0.0,0.0,0.0,0.0,0.0,0.0,0.0,0.0,0.0,0.0,0.0,0.0,0.0,0.0,0.0,0.0,0.0
企微投放（门店）,2,0.0,0.0,0.0,0.0,0.0,0.0,0.0,0.0,0.0,0.0,0.0,0.0,0.0,0.0,0.0,0.0,0.0,0.0,0.0,0.0,0.0,0.0,0.0,0.0,0.0,0.0,0.0,0.0,0.0,0.0,0.0,0.0,0.0,0.0,0.0,0.0,0.0,0.0,0.0,0.0,0.0,0.0,0.0,0.0,0.0,0.0,0.0,0.0,0.0,0.0,0.0,0.0,0.0,0.0,0.0,0.0,0.0,0.0,0.0,0.0,0.0,0.0,0.0,0.0,0.0,0.0,0.0,0.0,1.0,0.0,0.0,1.0,0.0,0.0,0.0,0.0,0.0,0.0,0.0,0.0,0.0,0.0,0.0,0.0,0.0,0.0,0.0,0.0,0.0,0.0,0.0,0.0,0.0,0.0,0.0,0.0,0.0,0.0,0.0,0.0,0.0,0.0,0.0,0.0,0.0,0.0,0.0,0.0,0.0,0.0,0.0,0.0,0.0,0.0,0.0,0.0,0.0,1.0,0.0,0.0,0.0,0.0,0.0,0.0,0.0,0.0,5.0,0.0,0.0,0.0,0.0,0.0,0.0,0.0,0.0,0.0,0.0
信息流-短视频,72,0.0,0.0,3.0,5.0,0.0,0.0,0.0,1.0,0.0,0.0,0.0,0.0,0.0,0.0,0.0,0.0,0.0,4.0,0.0,0.0,0.0,0.0,2.0,0.0,0.0,0.0,0.0,0.0,0.0,0.0,0.0,0.0,0.0,0.0,0.0,1.0,0.0,0.0,0.0,0.0,0.0,0.0,0.0,1.0,0.0,4.0,0.0,0.0,1.0,0.0,0.0,0.0,0.0,0.0,0.0,0.0,2.0,0.0,0.0,0.0,1.0,0.0,1.0,0.0,1.0,1.0,0.0,4.0,1.0,0.0,10.0,5.0,1.0,3.0,0.0,0.0,0.0,1.0,0.0,0.0,0.0,4.0,0.0,0.0,0.0,0.0,0.0,0.0,0.0,0.0,0.0,20.0,0.0,0.0,0.0,0.0,0.0,0.0,1.0,0.0,0.0,0.0,2.0,1.0,3.0,0.0,0.0,3.0,0.0,1.0,0.0,8.0,15.0,0.0,0.0,0.0,0.0,2.0,0.0,0.0,0.0,0.0,0.0,1.0,0.0,0.0,50.0,0.0,2.0,2.0,1.0,4.0,1.0,0.0,1.0,0.0,0.0
其他活动（门店）,1,0.0,0.0,0.0,0.0,0.0,0.0,0.0,0.0,0.0,0.0,0.0,0.0,0.0,0.0,0.0,0.0,0.0,0.0,0.0,0.0,0.0,0.0,0.0,0.0,0.0,0.0,0.0,0.0,0.0,0.0,0.0,0.0,0.0,0.0,0.0,0.0,0.0,0.0,0.0,0.0,0.0,0.0,0.0,0.0,0.0,0.0,0.0,0.0,0.0,0.0,0.0,0.0,0.0,0.0,0.0,0.0,0.0,0.0,0.0,0.0,0.0,0.0,0.0,0.0,0.0,0.0,0.0,0.0,0.0,0.0,0.0,0.0,0.0,0.0,0.0,0.0,0.0,0.0,0.0,0.0,0.0,0.0,0.0,0.0,0.0,0.0,0.0,0.0,0.0,0.0,0.0,0.0,0.0,0.0,0.0,0.0,0.0,0.0,0.0,0.0,0.0,0.0,0.0,0.0,0.0,0.0,0.0,0.0,0.0,0.0,0.0,0.0,0.0,0.0,0.0,0.0,0.0,0.0,0.0,0.0,0.0,0.0,0.0,0.0,0.0,0.0,3.0,0.0,0.0,0.0,0.0,0.0,0.0,0.0,0.0,0.0,0.0
内部员工,0,0.0,0.0,0.0,0.0,0.0,0.0,0.0,0.0,0.0,0.0,0.0,0.0,0.0,0.0,0.0,0.0,0.0,0.0,0.0,0.0,0.0,0.0,0.0,0.0,0.0,0.0,0.0,0.0,0.0,0.0,0.0,0.0,0.0,0.0,0.0,0.0,0.0,0.0,0.0,0.0,0.0,0.0,0.0,0.0,0.0,0.0,0.0,0.0,0.0,0.0,0.0,0.0,0.0,0.0,0.0,0.0,0.0,0.0,0.0,0.0,0.0,0.0,0.0,0.0,0.0,0.0,0.0,0.0,0.0,0.0,0.0,0.0,0.0,0.0,0.0,0.0,0.0,0.0,0.0,0.0,0.0,0.0,0.0,0.0,0.0,0.0,0.0,0.0,0.0,0.0,0.0,0.0,0.0,0.0,0.0,0.0,0.0,0.0,0.0,0.0,0.0,0.0,0.0,0.0,0.0,0.0,0.0,0.0,0.0,0.0,0.0,0.0,0.0,0.0,0.0,0.0,0.0,0.0,0.0,0.0,0.0,0.0,0.0,0.0,0.0,0.0,2.0,0.0,0.0,0.0,0.0,0.0,0.0,0.0,0.0,0.0,0.0
友享,0,0.0,0.0,1.0,4.0,0.0,0.0,0.0,0.0,0.0,0.0,0.0,0.0,0.0,0.0,0.0,0.0,0.0,4.0,0.0,0.0,0.0,0.0,0.0,0.0,3.0,0.0,0.0,0.0,0.0,0.0,0.0,0.0,0.0,0.0,0.0,0.0,0.0,0.0,0.0,0.0,0.0,0.0,0.0,0.0,0.0,0.0,0.0,0.0,0.0,0.0,0.0,0.0,0.0,0.0,0.0,0.0,0.0,0.0,0.0,0.0,0.0,0.0,0.0,0.0,0.0,1.0,0.0,2.0,0.0,0.0,13.0,0.0,0.0,0.0,0.0,0.0,0.0,0.0,0.0,0.0,0.0,0.0,0.0,0.0,0.0,0.0,0.0,0.0,0.0,0.0,0.0,4.0,0.0,0.0,0.0,0.0,0.0,0.0,1.0,0.0,0.0,0.0,0.0,0.0,0.0,0.0,0.0,11.0,2.0,5.0,0.0,14.0,2.0,0.0,0.0,2.0,0.0,0.0,0.0,0.0,0.0,0.0,0.0,0.0,0.0,0.0,18.0,0.0,1.0,0.0,0.0,0.0,0.0,0.0,3.0,0.0,0.0
品牌-微信视频号,4,0.0,0.0,0.0,0.0,0.0,0.0,0.0,0.0,0.0,0.0,0.0,0.0,0.0,0.0,0.0,0.0,0.0,0.0,0.0,0.0,0.0,0.0,0.0,0.0,0.0,0.0,0.0,0.0,0.0,0.0,0.0,0.0,0.0,0.0,0.0,0.0,0.0,0.0,0.0,0.0,0.0,0.0,0.0,0.0,0.0,0.0,0.0,0.0,0.0,0.0,0.0,0.0,0.0,0.0,0.0,0.0,0.0,0.0,0.0,0.0,0.0,0.0,0.0,0.0,0.0,0.0,0.0,0.0,0.0,0.0,0.0,1.0,0.0,0.0,0.0,0.0,0.0,0.0,0.0,0.0,0.0,0.0,0.0,0.0,0.0,0.0,0.0,0.0,0.0,0.0,0.0,0.0,0.0,0.0,0.0,0.0,0.0,0.0,0.0,0.0,0.0,0.0,0.0,0.0,0.0,0.0,0.0,0.0,0.0,0.0,0.0,1.0,0.0,0.0,0.0,0.0,0.0,1.0,0.0,0.0,0.0,0.0,0.0,0.0,0.0,0.0,2.0,0.0,0.0,0.0,0.0,0.0,0.0,0.0,0.0,0.0,0.0
品牌投放-58汽车,65,0.0,0.0,0.0,0.0,0.0,0.0,0.0,0.0,0.0,0.0,0.0,0.0,0.0,0.0,0.0,0.0,0.0,0.0,0.0,0.0,0.0,0.0,0.0,0.0,0.0,0.0,0.0,0.0,0.0,0.0,0.0,0.0,0.0,0.0,0.0,0.0,0.0,0.0,0.0,0.0,0.0,0.0,0.0,0.0,0.0,0.0,0.0,0.0,0.0,0.0,0.0,0.0,0.0,0.0,0.0,0.0,0.0,0.0,0.0,0.0,0.0,0.0,0.0,0.0,0.0,0.0,0.0,0.0,0.0,0.0,0.0,1.0,0.0,0.0,0.0,0.0,0.0,0.0,0.0,0.0,0.0,1.0,0.0,0.0,0.0,0.0,0.0,0.0,0.0,0.0,0.0,5.0,0.0,0.0,0.0,0.0,0.0,0.0,1.0,0.0,0.0,0.0,0.0,0.0,0.0,0.0,0.0,1.0,0.0,0.0,0.0,0.0,0.0,0.0,0.0,0.0,0.0,0.0,0.0,0.0,0.0,0.0,0.0,0.0,0.0,0.0,10.0,0.0,0.0,0.0,0.0,0.0,0.0,0.0,0.0,0.0,0.0
品牌投放-BFS线索补量,0,0.0,0.0,0.0,0.0,0.0,0.0,0.0,0.0,0.0,0.0,0.0,0.0,0.0,0.0,0.0,0.0,0.0,0.0,0.0,0.0,0.0,0.0,0.0,0.0,0.0,0.0,0.0,0.0,0.0,0.0,0.0,0.0,0.0,0.0,0.0,0.0,0.0,0.0,0.0,0.0,0.0,0.0,0.0,0.0,0.0,0.0,0.0,0.0,0.0,0.0,0.0,0.0,0.0,0.0,0.0,0.0,0.0,0.0,0.0,0.0,0.0,0.0,0.0,0.0,0.0,0.0,0.0,0.0,0.0,0.0,0.0,0.0,0.0,0.0,0.0,0.0,0.0,0.0,0.0,0.0,0.0,0.0,0.0,0.0,0.0,0.0,0.0,0.0,0.0,0.0,0.0,0.0,0.0,0.0,0.0,0.0,0.0,0.0,0.0,0.0,0.0,0.0,0.0,0.0,0.0,0.0,0.0,0.0,0.0,0.0,0.0,0.0,0.0,0.0,0.0,0.0,0.0,0.0,0.0,0.0,0.0,0.0,0.0,0.0,0.0,0.0,0.0,0.0,0.0,0.0,0.0,0.0,0.0,0.0,0.0,0.0,0.0
品牌投放-哔哩哔哩,0,0.0,0.0,0.0,0.0,0.0,0.0,0.0,0.0,0.0,0.0,0.0,0.0,0.0,0.0,0.0,0.0,0.0,0.0,0.0,0.0,0.0,0.0,0.0,0.0,0.0,0.0,0.0,0.0,0.0,0.0,0.0,0.0,0.0,0.0,0.0,0.0,0.0,0.0,0.0,0.0,0.0,0.0,0.0,0.0,0.0,0.0,0.0,0.0,0.0,0.0,0.0,0.0,0.0,0.0,0.0,0.0,0.0,0.0,0.0,0.0,0.0,0.0,0.0,0.0,0.0,0.0,0.0,0.0,0.0,0.0,0.0,0.0,0.0,0.0,0.0,0.0,0.0,0.0,0.0,0.0,0.0,0.0,0.0,0.0,0.0,0.0,0.0,0.0,0.0,0.0,0.0,0.0,0.0,0.0,0.0,0.0,0.0,0.0,0.0,0.0,0.0,0.0,0.0,0.0,0.0,0.0,0.0,0.0,0.0,0.0,0.0,0.0,0.0,0.0,0.0,0.0,0.0,0.0,0.0,0.0,0.0,0.0,0.0,0.0,0.0,0.0,0.0,0.0,0.0,0.0,0.0,0.0,0.0,0.0,0.0,0.0,0.0
品牌投放-头条,2,0.0,0.0,0.0,0.0,0.0,0.0,0.0,0.0,0.0,0.0,0.0,0.0,0.0,0.0,0.0,0.0,0.0,0.0,0.0,0.0,0.0,0.0,0.0,0.0,0.0,0.0,0.0,0.0,0.0,0.0,0.0,0.0,0.0,0.0,0.0,0.0,0.0,0.0,0.0,0.0,0.0,0.0,0.0,0.0,0.0,0.0,0.0,0.0,0.0,0.0,0.0,0.0,0.0,0.0,0.0,0.0,0.0,0.0,0.0,0.0,0.0,0.0,0.0,0.0,0.0,0.0,0.0,0.0,0.0,0.0,0.0,0.0,0.0,0.0,0.0,0.0,0.0,0.0,0.0,0.0,0.0,1.0,0.0,0.0,0.0,0.0,0.0,0.0,0.0,0.0,0.0,2.0,0.0,0.0,0.0,0.0,0.0,0.0,0.0,0.0,0.0,0.0,0.0,0.0,0.0,0.0,0.0,0.0,0.0,0.0,0.0,1.0,0.0,0.0,0.0,0.0,0.0,0.0,0.0,0.0,0.0,0.0,0.0,0.0,0.0,0.0,2.0,0.0,0.0,0.0,0.0,0.0,0.0,0.0,0.0,0.0,0.0
品牌投放-微信搜一搜,157,0.0,0.0,0.0,3.0,0.0,0.0,2.0,1.0,0.0,0.0,0.0,0.0,0.0,0.0,0.0,0.0,0.0,4.0,0.0,0.0,0.0,0.0,0.0,0.0,0.0,0.0,0.0,0.0,0.0,0.0,0.0,0.0,0.0,0.0,0.0,0.0,0.0,0.0,0.0,1.0,0.0,0.0,0.0,0.0,0.0,1.0,0.0,0.0,0.0,0.0,0.0,0.0,1.0,0.0,0.0,1.0,7.0,0.0,0.0,0.0,1.0,0.0,0.0,0.0,0.0,6.0,0.0,3.0,3.0,0.0,19.0,1.0,0.0,1.0,0.0,0.0,0.0,1.0,1.0,0.0,0.0,1.0,0.0,0.0,2.0,0.0,0.0,0.0,0.0,2.0,0.0,4.0,0.0,0.0,3.0,0.0,0.0,2.0,2.0,1.0,0.0,0.0,2.0,0.0,2.0,0.0,0.0,2.0,0.0,1.0,0.0,8.0,1.0,0.0,0.0,0.0,0.0,2.0,0.0,0.0,0.0,0.0,0.0,1.0,0.0,0.0,65.0,0.0,0.0,0.0,0.0,2.0,0.0,0.0,1.0,0.0,0.0
品牌投放-微博,3,0.0,0.0,0.0,0.0,0.0,0.0,0.0,0.0,0.0,0.0,0.0,0.0,0.0,0.0,0.0,0.0,0.0,0.0,0.0,0.0,0.0,0.0,0.0,0.0,0.0,0.0,0.0,0.0,0.0,0.0,0.0,0.0,0.0,0.0,0.0,0.0,0.0,0.0,0.0,0.0,0.0,0.0,0.0,0.0,0.0,0.0,0.0,0.0,0.0,0.0,0.0,0.0,0.0,0.0,0.0,0.0,0.0,0.0,0.0,0.0,0.0,0.0,0.0,0.0,0.0,0.0,0.0,0.0,0.0,0.0,0.0,0.0,0.0,0.0,0.0,0.0,0.0,0.0,0.0,0.0,0.0,0.0,0.0,0.0,0.0,0.0,0.0,0.0,0.0,0.0,0.0,0.0,0.0,0.0,0.0,0.0,0.0,0.0,0.0,0.0,0.0,0.0,0.0,0.0,1.0,0.0,0.0,0.0,0.0,1.0,0.0,0.0,0.0,0.0,0.0,0.0,0.0,0.0,0.0,0.0,0.0,0.0,0.0,0.0,0.0,0.0,1.0,0.0,0.0,0.0,0.0,0.0,0.0,0.0,0.0,0.0,0.0
品牌投放-懂车帝,48,0.0,0.0,2.0,3.0,0.0,0.0,5.0,1.0,0.0,0.0,0.0,0.0,0.0,0.0,1.0,0.0,0.0,3.0,0.0,0.0,0.0,0.0,0.0,0.0,0.0,0.0,0.0,0.0,0.0,0.0,0.0,0.0,0.0,0.0,0.0,0.0,0.0,0.0,0.0,0.0,0.0,0.0,2.0,0.0,0.0,3.0,0.0,0.0,1.0,0.0,0.0,0.0,0.0,0.0,0.0,0.0,2.0,0.0,0.0,0.0,0.0,0.0,0.0,0.0,1.0,0.0,0.0,1.0,0.0,1.0,2.0,6.0,0.0,10.0,0.0,0.0,0.0,4.0,0.0,0.0,0.0,7.0,0.0,0.0,0.0,0.0,0.0,0.0,0.0,0.0,0.0,17.0,0.0,0.0,4.0,0.0,1.0,1.0,4.0,0.0,0.0,1.0,2.0,0.0,2.0,0.0,0.0,4.0,0.0,6.0,0.0,9.0,6.0,0.0,0.0,0.0,0.0,0.0,0.0,0.0,0.0,0.0,0.0,0.0,0.0,0.0,61.0,0.0,0.0,4.0,0.0,4.0,0.0,0.0,1.0,0.0,0.0
品牌投放-抖音,29,0.0,0.0,1.0,1.0,0.0,0.0,1.0,0.0,0.0,0.0,0.0,0.0,0.0,0.0,0.0,0.0,0.0,5.0,0.0,0.0,0.0,0.0,2.0,0.0,0.0,0.0,0.0,0.0,0.0,0.0,0.0,0.0,0.0,0.0,0.0,0.0,0.0,0.0,0.0,0.0,0.0,0.0,0.0,0.0,0.0,2.0,0.0,0.0,0.0,0.0,1.0,0.0,0.0,0.0,0.0,0.0,1.0,0.0,0.0,0.0,0.0,0.0,0.0,0.0,1.0,1.0,0.0,3.0,0.0,0.0,3.0,2.0,0.0,4.0,1.0,0.0,0.0,1.0,0.0,0.0,0.0,3.0,0.0,0.0,0.0,0.0,0.0,0.0,0.0,1.0,0.0,6.0,0.0,0.0,0.0,0.0,0.0,0.0,6.0,0.0,0.0,0.0,0.0,0.0,0.0,1.0,0.0,2.0,0.0,1.0,1.0,6.0,5.0,0.0,0.0,0.0,0.0,0.0,0.0,0.0,0.0,0.0,0.0,1.0,0.0,0.0,33.0,0.0,0.0,1.0,0.0,1.0,1.0,0.0,0.0,0.0,0.0
品牌投放-易车,47,0.0,0.0,0.0,0.0,0.0,0.0,0.0,0.0,0.0,0.0,0.0,0.0,0.0,0.0,0.0,0.0,0.0,1.0,0.0,0.0,0.0,0.0,0.0,0.0,0.0,0.0,0.0,0.0,0.0,0.0,1.0,0.0,0.0,0.0,0.0,0.0,0.0,0.0,0.0,0.0,0.0,0.0,0.0,0.0,0.0,0.0,0.0,0.0,0.0,0.0,0.0,0.0,0.0,0.0,0.0,0.0,0.0,0.0,0.0,0.0,0.0,0.0,0.0,0.0,0.0,0.0,0.0,0.0,0.0,0.0,4.0,0.0,0.0,1.0,0.0,0.0,0.0,0.0,0.0,0.0,0.0,0.0,0.0,0.0,0.0,0.0,0.0,0.0,0.0,0.0,0.0,2.0,0.0,0.0,1.0,0.0,0.0,0.0,0.0,0.0,0.0,0.0,0.0,0.0,1.0,0.0,0.0,1.0,0.0,0.0,0.0,2.0,2.0,0.0,0.0,0.0,0.0,0.0,0.0,0.0,0.0,0.0,0.0,0.0,0.0,0.0,11.0,0.0,0.0,1.0,0.0,0.0,0.0,0.0,0.0,0.0,0.0
品牌投放-汽车之家,18,0.0,0.0,0.0,1.0,0.0,0.0,0.0,0.0,0.0,0.0,0.0,0.0,0.0,0.0,0.0,0.0,0.0,1.0,0.0,0.0,0.0,0.0,0.0,0.0,0.0,0.0,0.0,0.0,0.0,0.0,0.0,0.0,0.0,0.0,0.0,0.0,0.0,0.0,0.0,0.0,0.0,0.0,0.0,0.0,0.0,1.0,0.0,0.0,0.0,0.0,0.0,0.0,0.0,0.0,0.0,1.0,1.0,0.0,0.0,0.0,0.0,0.0,0.0,0.0,0.0,0.0,0.0,0.0,0.0,1.0,1.0,2.0,0.0,0.0,0.0,0.0,0.0,0.0,0.0,0.0,0.0,1.0,0.0,0.0,0.0,0.0,0.0,0.0,0.0,0.0,0.0,4.0,0.0,0.0,0.0,0.0,0.0,2.0,2.0,0.0,0.0,0.0,1.0,0.0,6.0,0.0,0.0,1.0,0.0,1.0,0.0,1.0,4.0,0.0,0.0,0.0,0.0,1.0,0.0,0.0,0.0,0.0,0.0,0.0,0.0,0.0,18.0,0.0,1.0,1.0,0.0,0.0,0.0,1.0,1.0,0.0,0.0
品牌投放-爱卡汽车,111,0.0,0.0,0.0,0.0,0.0,0.0,0.0,0.0,0.0,0.0,0.0,0.0,0.0,0.0,0.0,0.0,0.0,0.0,0.0,0.0,0.0,0.0,0.0,0.0,0.0,0.0,0.0,0.0,0.0,0.0,0.0,0.0,0.0,0.0,0.0,0.0,0.0,0.0,0.0,0.0,0.0,0.0,0.0,0.0,0.0,0.0,0.0,0.0,0.0,0.0,0.0,0.0,0.0,0.0,0.0,0.0,0.0,0.0,0.0,0.0,0.0,0.0,0.0,0.0,0.0,0.0,0.0,1.0,0.0,0.0,0.0,0.0,0.0,0.0,0.0,0.0,0.0,0.0,0.0,0.0,0.0,0.0,0.0,0.0,0.0,0.0,0.0,0.0,0.0,0.0,0.0,3.0,0.0,0.0,4.0,0.0,0.0,0.0,0.0,0.0,0.0,0.0,0.0,0.0,0.0,0.0,0.0,1.0,0.0,0.0,0.0,0.0,2.0,0.0,0.0,0.0,0.0,0.0,0.0,0.0,0.0,0.0,0.0,0.0,0.0,0.0,6.0,0.0,0.0,1.0,0.0,0.0,0.0,0.0,8.0,0.0,0.0
品牌投放-百度品专,0,0.0,0.0,0.0,0.0,0.0,0.0,0.0,0.0,0.0,0.0,0.0,0.0,0.0,0.0,0.0,0.0,0.0,0.0,0.0,0.0,0.0,0.0,0.0,0.0,0.0,0.0,0.0,0.0,0.0,0.0,0.0,0.0,0.0,0.0,0.0,0.0,0.0,0.0,0.0,0.0,0.0,0.0,0.0,0.0,0.0,0.0,0.0,0.0,0.0,0.0,0.0,0.0,0.0,0.0,0.0,0.0,0.0,0.0,0.0,0.0,0.0,0.0,0.0,0.0,0.0,0.0,0.0,0.0,0.0,0.0,0.0,0.0,0.0,0.0,0.0,0.0,0.0,0.0,0.0,0.0,0.0,0.0,0.0,0.0,0.0,0.0,0.0,0.0,0.0,0.0,0.0,0.0,0.0,0.0,0.0,0.0,0.0,0.0,0.0,0.0,0.0,0.0,0.0,0.0,0.0,0.0,0.0,0.0,0.0,0.0,0.0,0.0,0.0,0.0,0.0,0.0,0.0,0.0,0.0,0.0,0.0,0.0,0.0,0.0,0.0,0.0,0.0,0.0,0.0,0.0,0.0,0.0,0.0,0.0,0.0,0.0,0.0
品牌投放-百度地图,0,0.0,0.0,0.0,0.0,0.0,0.0,0.0,0.0,0.0,0.0,0.0,0.0,0.0,0.0,0.0,0.0,0.0,0.0,0.0,0.0,0.0,0.0,0.0,0.0,0.0,0.0,0.0,0.0,0.0,0.0,0.0,0.0,0.0,0.0,0.0,0.0,0.0,0.0,0.0,0.0,0.0,0.0,0.0,0.0,0.0,0.0,0.0,0.0,0.0,0.0,0.0,0.0,0.0,0.0,0.0,0.0,0.0,0.0,0.0,0.0,0.0,0.0,0.0,0.0,0.0,0.0,0.0,0.0,0.0,0.0,0.0,0.0,0.0,0.0,0.0,0.0,0.0,0.0,0.0,0.0,0.0,0.0,0.0,0.0,0.0,0.0,0.0,0.0,0.0,0.0,0.0,0.0,0.0,0.0,0.0,0.0,0.0,0.0,0.0,0.0,0.0,0.0,0.0,0.0,0.0,0.0,0.0,0.0,0.0,0.0,0.0,0.0,0.0,0.0,0.0,0.0,0.0,0.0,0.0,0.0,0.0,0.0,0.0,0.0,0.0,0.0,0.0,0.0,0.0,0.0,0.0,0.0,0.0,0.0,0.0,0.0,0.0
品牌投放-百度购车宝,678,0.0,0.0,1.0,1.0,0.0,0.0,5.0,1.0,0.0,0.0,0.0,0.0,0.0,0.0,0.0,0.0,0.0,15.0,0.0,0.0,1.0,1.0,0.0,0.0,0.0,0.0,0.0,0.0,0.0,0.0,0.0,0.0,0.0,0.0,0.0,0.0,0.0,0.0,0.0,0.0,0.0,0.0,0.0,1.0,0.0,5.0,0.0,0.0,0.0,0.0,0.0,0.0,0.0,0.0,0.0,0.0,0.0,0.0,1.0,0.0,0.0,0.0,0.0,1.0,1.0,0.0,0.0,2.0,1.0,1.0,11.0,5.0,0.0,6.0,1.0,0.0,0.0,6.0,0.0,0.0,0.0,7.0,0.0,0.0,0.0,0.0,0.0,0.0,0.0,2.0,0.0,31.0,1.0,0.0,4.0,4.0,1.0,3.0,22.0,1.0,0.0,0.0,3.0,0.0,3.0,1.0,0.0,8.0,0.0,7.0,0.0,10.0,16.0,1.0,0.0,0.0,0.0,0.0,0.0,0.0,0.0,0.0,0.0,1.0,0.0,0.0,123.0,0.0,2.0,4.0,0.0,5.0,0.0,0.0,1.0,0.0,0.0
商圈主动拓客,86,0.0,0.0,1.0,0.0,0.0,0.0,3.0,0.0,0.0,0.0,0.0,0.0,0.0,0.0,0.0,0.0,0.0,3.0,0.0,0.0,0.0,1.0,0.0,0.0,0.0,0.0,0.0,0.0,0.0,0.0,0.0,0.0,0.0,0.0,0.0,0.0,0.0,0.0,0.0,0.0,0.0,0.0,0.0,0.0,0.0,4.0,0.0,0.0,0.0,0.0,0.0,0.0,0.0,0.0,0.0,0.0,1.0,0.0,0.0,0.0,0.0,0.0,0.0,0.0,0.0,1.0,0.0,0.0,0.0,0.0,5.0,2.0,0.0,2.0,0.0,0.0,0.0,0.0,0.0,0.0,0.0,6.0,0.0,0.0,0.0,0.0,0.0,0.0,0.0,0.0,0.0,6.0,0.0,0.0,2.0,0.0,0.0,2.0,1.0,0.0,0.0,0.0,0.0,0.0,0.0,1.0,0.0,3.0,0.0,3.0,0.0,5.0,1.0,0.0,0.0,0.0,0.0,0.0,0.0,0.0,0.0,0.0,0.0,1.0,0.0,0.0,48.0,0.0,0.0,0.0,0.0,2.0,0.0,0.0,1.0,0.0,0.0
喜马拉雅效果-测试,0,0.0,0.0,0.0,0.0,0.0,0.0,0.0,0.0,0.0,0.0,0.0,0.0,0.0,0.0,0.0,0.0,0.0,0.0,0.0,0.0,0.0,0.0,0.0,0.0,0.0,0.0,0.0,0.0,0.0,0.0,0.0,0.0,0.0,0.0,0.0,0.0,0.0,0.0,0.0,0.0,0.0,0.0,0.0,0.0,0.0,0.0,0.0,0.0,0.0,0.0,0.0,0.0,0.0,0.0,0.0,0.0,0.0,0.0,0.0,0.0,0.0,0.0,0.0,0.0,0.0,0.0,0.0,0.0,0.0,0.0,0.0,0.0,0.0,0.0,0.0,0.0,0.0,0.0,0.0,0.0,0.0,0.0,0.0,0.0,0.0,0.0,0.0,0.0,0.0,0.0,0.0,0.0,0.0,0.0,0.0,0.0,0.0,0.0,0.0,0.0,0.0,0.0,0.0,0.0,0.0,0.0,0.0,0.0,0.0,0.0,0.0,0.0,0.0,0.0,0.0,0.0,0.0,0.0,0.0,0.0,0.0,0.0,0.0,0.0,0.0,0.0,0.0,0.0,0.0,0.0,0.0,0.0,0.0,0.0,0.0,0.0,0.0
地推（门店）,1420,1.0,0.0,58.0,25.0,0.0,0.0,19.0,17.0,1.0,2.0,0.0,0.0,0.0,0.0,1.0,6.0,0.0,89.0,1.0,0.0,0.0,4.0,4.0,2.0,3.0,0.0,0.0,3.0,0.0,0.0,2.0,0.0,0.0,0.0,0.0,1.0,1.0,0.0,0.0,4.0,0.0,0.0,18.0,4.0,0.0,0.0,2.0,0.0,2.0,0.0,3.0,0.0,0.0,0.0,0.0,3.0,17.0,0.0,4.0,0.0,12.0,0.0,3.0,1.0,2.0,20.0,1.0,44.0,10.0,3.0,116.0,45.0,1.0,72.0,5.0,0.0,1.0,35.0,0.0,0.0,0.0,80.0,0.0,1.0,0.0,0.0,0.0,1.0,0.0,24.0,0.0,209.0,2.0,0.0,43.0,3.0,0.0,12.0,82.0,2.0,0.0,3.0,29.0,1.0,46.0,7.0,0.0,64.0,0.0,34.0,2.0,121.0,54.0,1.0,1.0,1.0,0.0,5.0,2.0,4.0,4.0,0.0,1.0,3.0,0.0,0.0,913.0,0.0,7.0,20.0,1.0,61.0,1.0,3.0,13.0,0.0,0.0
大模型线索挖掘,24,0.0,0.0,0.0,0.0,0.0,0.0,0.0,0.0,0.0,0.0,0.0,0.0,0.0,0.0,0.0,0.0,0.0,0.0,0.0,0.0,0.0,0.0,0.0,0.0,0.0,0.0,0.0,0.0,0.0,0.0,0.0,0.0,0.0,0.0,0.0,0.0,0.0,0.0,0.0,0.0,0.0,0.0,0.0,0.0,0.0,0.0,0.0,0.0,0.0,0.0,0.0,0.0,0.0,0.0,0.0,0.0,1.0,0.0,0.0,0.0,0.0,0.0,0.0,0.0,0.0,0.0,0.0,1.0,0.0,0.0,4.0,0.0,0.0,0.0,0.0,0.0,0.0,0.0,0.0,0.0,0.0,0.0,0.0,0.0,0.0,0.0,0.0,0.0,0.0,0.0,0.0,2.0,0.0,0.0,0.0,0.0,0.0,0.0,1.0,0.0,0.0,0.0,0.0,0.0,0.0,0.0,0.0,1.0,0.0,0.0,0.0,6.0,1.0,0.0,0.0,0.0,0.0,0.0,0.0,0.0,0.0,0.0,0.0,0.0,0.0,0.0,4.0,0.0,0.0,1.0,0.0,0.0,0.0,0.0,0.0,0.0,0.0
头条-号外,11,0.0,0.0,0.0,1.0,0.0,0.0,0.0,0.0,0.0,0.0,0.0,0.0,0.0,0.0,0.0,0.0,0.0,1.0,0.0,0.0,0.0,0.0,0.0,0.0,0.0,0.0,0.0,0.0,0.0,0.0,0.0,0.0,0.0,0.0,0.0,0.0,0.0,0.0,0.0,0.0,0.0,0.0,0.0,0.0,0.0,0.0,0.0,0.0,0.0,0.0,0.0,0.0,0.0,0.0,0.0,0.0,0.0,0.0,0.0,0.0,0.0,0.0,0.0,0.0,0.0,0.0,0.0,0.0,0.0,0.0,1.0,1.0,0.0,1.0,0.0,0.0,0.0,0.0,0.0,0.0,0.0,0.0,0.0,0.0,0.0,0.0,0.0,0.0,0.0,0.0,0.0,0.0,0.0,0.0,0.0,0.0,0.0,0.0,0.0,0.0,0.0,0.0,0.0,0.0,0.0,0.0,0.0,0.0,0.0,0.0,0.0,1.0,1.0,0.0,0.0,0.0,0.0,0.0,0.0,0.0,0.0,0.0,0.0,0.0,0.0,0.0,6.0,0.0,0.0,0.0,0.0,0.0,0.0,0.0,0.0,0.0,0.0
头条小程序,0,0.0,0.0,0.0,0.0,0.0,0.0,0.0,0.0,0.0,0.0,0.0,0.0,0.0,0.0,0.0,0.0,0.0,0.0,0.0,0.0,0.0,0.0,0.0,0.0,0.0,0.0,0.0,0.0,0.0,0.0,0.0,0.0,0.0,0.0,0.0,0.0,0.0,0.0,0.0,0.0,0.0,0.0,0.0,0.0,0.0,0.0,0.0,0.0,0.0,0.0,0.0,0.0,0.0,0.0,0.0,0.0,0.0,0.0,0.0,0.0,0.0,0.0,0.0,0.0,0.0,0.0,0.0,0.0,0.0,0.0,0.0,0.0,0.0,0.0,0.0,0.0,0.0,0.0,0.0,0.0,0.0,0.0,0.0,0.0,0.0,0.0,0.0,0.0,0.0,0.0,0.0,0.0,0.0,0.0,0.0,0.0,0.0,0.0,0.0,0.0,0.0,0.0,0.0,0.0,0.0,0.0,0.0,0.0,0.0,0.0,0.0,0.0,0.0,0.0,0.0,0.0,0.0,0.0,0.0,0.0,0.0,0.0,0.0,0.0,0.0,0.0,0.0,0.0,0.0,0.0,0.0,0.0,0.0,0.0,0.0,0.0,0.0
字节APP,690,0.0,0.0,3.0,24.0,0.0,0.0,20.0,9.0,0.0,0.0,0.0,0.0,0.0,0.0,0.0,0.0,0.0,15.0,0.0,0.0,0.0,0.0,0.0,0.0,0.0,0.0,0.0,0.0,0.0,0.0,0.0,0.0,0.0,1.0,0.0,0.0,0.0,0.0,0.0,0.0,0.0,0.0,0.0,0.0,0.0,13.0,0.0,0.0,0.0,0.0,0.0,0.0,0.0,0.0,0.0,0.0,1.0,0.0,1.0,0.0,0.0,0.0,0.0,0.0,0.0,2.0,0.0,18.0,5.0,2.0,25.0,10.0,0.0,4.0,2.0,0.0,0.0,12.0,0.0,0.0,0.0,7.0,0.0,0.0,0.0,0.0,0.0,0.0,0.0,3.0,0.0,50.0,0.0,0.0,6.0,0.0,0.0,2.0,6.0,0.0,0.0,0.0,3.0,0.0,1.0,1.0,0.0,7.0,0.0,4.0,0.0,25.0,4.0,0.0,0.0,0.0,0.0,0.0,0.0,0.0,0.0,0.0,0.0,0.0,0.0,0.0,141.0,0.0,0.0,4.0,1.0,5.0,0.0,0.0,1.0,0.0,0.0
字节效果-星声场留资,1,0.0,0.0,0.0,0.0,0.0,0.0,0.0,0.0,0.0,0.0,0.0,0.0,0.0,0.0,0.0,0.0,0.0,0.0,0.0,0.0,0.0,0.0,0.0,0.0,0.0,0.0,0.0,0.0,0.0,0.0,0.0,0.0,0.0,0.0,0.0,0.0,0.0,0.0,0.0,0.0,0.0,0.0,0.0,0.0,0.0,0.0,0.0,0.0,0.0,0.0,0.0,0.0,0.0,0.0,0.0,0.0,0.0,0.0,0.0,0.0,0.0,0.0,0.0,0.0,0.0,0.0,0.0,0.0,0.0,0.0,0.0,0.0,0.0,0.0,0.0,0.0,0.0,0.0,0.0,0.0,0.0,0.0,0.0,0.0,0.0,0.0,0.0,0.0,0.0,0.0,0.0,0.0,0.0,0.0,0.0,0.0,0.0,0.0,0.0,0.0,0.0,0.0,0.0,0.0,0.0,0.0,0.0,0.0,0.0,0.0,0.0,0.0,0.0,0.0,0.0,0.0,0.0,0.0,0.0,0.0,0.0,0.0,0.0,0.0,0.0,0.0,0.0,0.0,0.0,0.0,0.0,0.0,0.0,0.0,0.0,0.0,0.0
字节效果-盘龙留资,2,0.0,0.0,0.0,0.0,0.0,0.0,0.0,0.0,0.0,0.0,0.0,0.0,0.0,0.0,0.0,0.0,0.0,0.0,0.0,0.0,0.0,0.0,0.0,0.0,0.0,0.0,0.0,0.0,0.0,0.0,0.0,0.0,0.0,0.0,0.0,0.0,0.0,0.0,0.0,0.0,0.0,0.0,0.0,0.0,0.0,0.0,0.0,0.0,0.0,0.0,0.0,0.0,0.0,0.0,0.0,0.0,0.0,0.0,0.0,0.0,0.0,0.0,0.0,0.0,0.0,0.0,0.0,0.0,0.0,0.0,0.0,0.0,0.0,0.0,0.0,0.0,0.0,0.0,0.0,0.0,0.0,0.0,0.0,0.0,0.0,0.0,0.0,0.0,0.0,0.0,0.0,1.0,0.0,0.0,0.0,0.0,0.0,0.0,0.0,0.0,0.0,0.0,0.0,0.0,0.0,0.0,0.0,0.0,0.0,0.0,0.0,0.0,0.0,0.0,0.0,0.0,0.0,0.0,0.0,0.0,0.0,0.0,0.0,0.0,0.0,0.0,0.0,0.0,0.0,0.0,0.0,0.0,0.0,0.0,0.0,0.0,0.0
官网-试乘试驾,62,0.0,0.0,0.0,0.0,0.0,0.0,2.0,0.0,0.0,0.0,0.0,0.0,0.0,0.0,0.0,0.0,0.0,4.0,0.0,0.0,0.0,0.0,3.0,0.0,0.0,1.0,0.0,0.0,0.0,0.0,0.0,0.0,0.0,1.0,0.0,0.0,0.0,0.0,0.0,0.0,0.0,0.0,0.0,0.0,0.0,2.0,0.0,0.0,0.0,0.0,1.0,0.0,0.0,0.0,0.0,0.0,0.0,0.0,0.0,0.0,0.0,0.0,0.0,0.0,0.0,3.0,0.0,1.0,0.0,0.0,4.0,1.0,0.0,3.0,0.0,0.0,0.0,0.0,0.0,0.0,0.0,0.0,0.0,0.0,0.0,0.0,0.0,0.0,0.0,0.0,0.0,2.0,0.0,0.0,0.0,0.0,0.0,0.0,1.0,0.0,0.0,0.0,1.0,0.0,1.0,0.0,0.0,1.0,0.0,0.0,0.0,3.0,1.0,0.0,0.0,0.0,0.0,0.0,0.0,0.0,0.0,0.0,0.0,1.0,0.0,0.0,42.0,0.0,0.0,3.0,0.0,0.0,0.0,0.0,1.0,0.0,0.0
官网留资,0,0.0,0.0,0.0,0.0,0.0,0.0,0.0,0.0,0.0,0.0,0.0,0.0,0.0,0.0,0.0,0.0,0.0,0.0,0.0,0.0,0.0,0.0,0.0,0.0,0.0,0.0,0.0,0.0,0.0,0.0,0.0,0.0,0.0,0.0,0.0,0.0,0.0,0.0,0.0,0.0,0.0,0.0,0.0,0.0,0.0,0.0,0.0,0.0,0.0,0.0,0.0,0.0,0.0,0.0,0.0,0.0,0.0,0.0,0.0,0.0,0.0,0.0,0.0,0.0,0.0,0.0,0.0,0.0,0.0,0.0,0.0,0.0,0.0,0.0,0.0,0.0,0.0,0.0,0.0,0.0,0.0,0.0,0.0,0.0,0.0,0.0,0.0,0.0,0.0,0.0,0.0,0.0,0.0,0.0,0.0,0.0,0.0,0.0,0.0,0.0,0.0,0.0,0.0,0.0,0.0,0.0,0.0,0.0,0.0,0.0,0.0,0.0,0.0,0.0,0.0,0.0,0.0,0.0,0.0,0.0,0.0,0.0,0.0,0.0,0.0,0.0,1.0,0.0,0.0,0.0,0.0,0.0,0.0,0.0,0.0,0.0,0.0
小程序留资,937,6.0,0.0,100.0,94.0,0.0,2.0,48.0,60.0,1.0,0.0,0.0,0.0,0.0,0.0,0.0,8.0,1.0,183.0,0.0,0.0,0.0,1.0,24.0,0.0,9.0,0.0,0.0,2.0,0.0,0.0,0.0,0.0,0.0,15.0,0.0,5.0,5.0,1.0,4.0,0.0,1.0,0.0,10.0,3.0,0.0,67.0,1.0,0.0,17.0,0.0,13.0,5.0,3.0,0.0,0.0,20.0,0.0,0.0,8.0,0.0,15.0,4.0,5.0,4.0,15.0,198.0,3.0,180.0,24.0,6.0,360.0,55.0,4.0,98.0,10.0,1.0,1.0,57.0,1.0,0.0,0.0,101.0,1.0,4.0,2.0,0.0,0.0,0.0,0.0,41.0,0.0,287.0,2.0,0.0,40.0,4.0,0.0,22.0,44.0,0.0,0.0,1.0,32.0,0.0,53.0,12.0,0.0,103.0,0.0,84.0,5.0,222.0,126.0,11.0,1.0,1.0,0.0,12.0,3.0,18.0,5.0,4.0,0.0,39.0,0.0,0.0,1754.0,0.0,8.0,33.0,7.0,78.0,0.0,3.0,19.0,0.0,0.0
小红书-效果,2,0.0,0.0,0.0,0.0,0.0,0.0,0.0,0.0,0.0,0.0,0.0,0.0,0.0,0.0,0.0,0.0,0.0,0.0,0.0,0.0,0.0,0.0,0.0,0.0,0.0,0.0,0.0,0.0,0.0,0.0,0.0,0.0,0.0,0.0,0.0,0.0,0.0,0.0,0.0,0.0,0.0,0.0,0.0,0.0,0.0,0.0,0.0,0.0,0.0,0.0,0.0,0.0,0.0,0.0,0.0,0.0,0.0,0.0,0.0,0.0,0.0,0.0,0.0,0.0,0.0,0.0,0.0,0.0,0.0,0.0,0.0,0.0,0.0,0.0,0.0,0.0,0.0,0.0,0.0,0.0,0.0,0.0,0.0,0.0,0.0,0.0,0.0,0.0,0.0,0.0,0.0,0.0,0.0,0.0,0.0,0.0,0.0,0.0,0.0,0.0,0.0,0.0,0.0,0.0,0.0,0.0,0.0,0.0,0.0,0.0,0.0,0.0,0.0,0.0,0.0,0.0,0.0,0.0,0.0,0.0,0.0,0.0,0.0,0.0,0.0,0.0,0.0,0.0,0.0,0.0,0.0,0.0,0.0,0.0,0.0,0.0,0.0
小红书-矩阵,160,0.0,0.0,8.0,8.0,0.0,0.0,3.0,2.0,0.0,0.0,0.0,0.0,0.0,0.0,1.0,0.0,0.0,29.0,0.0,0.0,0.0,0.0,2.0,0.0,1.0,0.0,0.0,0.0,0.0,0.0,2.0,0.0,0.0,0.0,0.0,1.0,0.0,0.0,0.0,0.0,0.0,0.0,6.0,2.0,0.0,10.0,0.0,0.0,1.0,0.0,0.0,0.0,0.0,0.0,0.0,0.0,9.0,0.0,0.0,0.0,12.0,0.0,1.0,0.0,0.0,11.0,0.0,21.0,1.0,0.0,15.0,10.0,0.0,18.0,0.0,0.0,0.0,7.0,0.0,0.0,0.0,14.0,0.0,0.0,0.0,0.0,0.0,0.0,0.0,57.0,0.0,81.0,1.0,0.0,7.0,1.0,1.0,1.0,16.0,1.0,0.0,0.0,6.0,0.0,6.0,3.0,1.0,17.0,0.0,12.0,0.0,25.0,26.0,1.0,0.0,0.0,0.0,0.0,0.0,0.0,3.0,0.0,0.0,2.0,0.0,0.0,299.0,0.0,0.0,5.0,0.0,9.0,1.0,0.0,2.0,0.0,0.0
小红书圈层活动,9,0.0,0.0,0.0,0.0,0.0,2.0,0.0,4.0,0.0,0.0,0.0,0.0,0.0,0.0,0.0,0.0,0.0,3.0,0.0,0.0,0.0,0.0,0.0,0.0,0.0,0.0,0.0,0.0,0.0,0.0,0.0,0.0,0.0,0.0,0.0,0.0,0.0,0.0,0.0,0.0,0.0,0.0,0.0,0.0,0.0,1.0,0.0,0.0,0.0,0.0,0.0,0.0,0.0,0.0,0.0,0.0,0.0,0.0,0.0,0.0,0.0,0.0,0.0,0.0,0.0,3.0,0.0,2.0,0.0,0.0,1.0,0.0,0.0,1.0,0.0,0.0,0.0,0.0,0.0,0.0,0.0,1.0,0.0,0.0,0.0,0.0,0.0,0.0,0.0,0.0,0.0,1.0,0.0,0.0,1.0,0.0,0.0,0.0,0.0,0.0,0.0,0.0,1.0,0.0,0.0,0.0,0.0,1.0,0.0,1.0,0.0,6.0,1.0,0.0,0.0,0.0,0.0,0.0,0.0,2.0,1.0,0.0,0.0,0.0,0.0,0.0,26.0,0.0,0.0,1.0,0.0,4.0,0.0,0.0,0.0,0.0,0.0
小红书私信,328,0.0,0.0,43.0,34.0,0.0,0.0,7.0,9.0,0.0,1.0,0.0,0.0,0.0,0.0,0.0,3.0,0.0,81.0,0.0,0.0,0.0,0.0,10.0,0.0,0.0,0.0,0.0,0.0,0.0,0.0,1.0,0.0,0.0,2.0,0.0,0.0,1.0,1.0,4.0,0.0,0.0,0.0,2.0,2.0,0.0,31.0,2.0,0.0,0.0,0.0,1.0,0.0,3.0,0.0,0.0,5.0,14.0,1.0,4.0,0.0,0.0,0.0,2.0,2.0,0.0,26.0,0.0,48.0,13.0,0.0,59.0,24.0,0.0,48.0,4.0,0.0,0.0,37.0,0.0,0.0,0.0,54.0,0.0,1.0,0.0,0.0,0.0,0.0,0.0,62.0,0.0,161.0,0.0,0.0,31.0,1.0,2.0,3.0,23.0,1.0,0.0,0.0,18.0,1.0,19.0,4.0,1.0,50.0,0.0,20.0,0.0,35.0,40.0,4.0,0.0,1.0,0.0,0.0,0.0,13.0,7.0,0.0,0.0,18.0,1.0,0.0,732.0,0.0,1.0,20.0,2.0,43.0,0.0,5.0,19.0,0.0,0.0
巨懂车,23,0.0,0.0,0.0,0.0,0.0,0.0,0.0,0.0,0.0,0.0,0.0,0.0,0.0,0.0,0.0,0.0,0.0,0.0,0.0,0.0,0.0,0.0,0.0,0.0,0.0,0.0,0.0,0.0,0.0,0.0,0.0,0.0,0.0,0.0,0.0,0.0,0.0,0.0,0.0,0.0,0.0,0.0,0.0,0.0,0.0,0.0,0.0,0.0,0.0,0.0,0.0,0.0,0.0,0.0,0.0,0.0,0.0,0.0,0.0,0.0,0.0,0.0,0.0,0.0,0.0,0.0,0.0,0.0,0.0,0.0,1.0,1.0,0.0,2.0,0.0,0.0,0.0,1.0,0.0,0.0,0.0,0.0,0.0,0.0,0.0,0.0,0.0,0.0,0.0,0.0,0.0,2.0,0.0,0.0,0.0,0.0,0.0,0.0,0.0,0.0,0.0,0.0,0.0,0.0,0.0,0.0,0.0,0.0,0.0,0.0,0.0,1.0,0.0,0.0,0.0,0.0,0.0,0.0,0.0,0.0,0.0,0.0,0.0,0.0,0.0,0.0,14.0,0.0,0.0,0.0,1.0,0.0,0.0,0.0,0.0,0.0,0.0
异地线索,47,0.0,0.0,3.0,3.0,0.0,0.0,2.0,3.0,0.0,0.0,0.0,0.0,0.0,0.0,1.0,0.0,0.0,9.0,0.0,0.0,0.0,0.0,0.0,0.0,0.0,0.0,0.0,0.0,0.0,0.0,0.0,0.0,0.0,0.0,0.0,0.0,0.0,0.0,0.0,0.0,0.0,0.0,2.0,1.0,0.0,1.0,0.0,0.0,1.0,0.0,0.0,0.0,0.0,0.0,0.0,1.0,1.0,0.0,0.0,0.0,3.0,0.0,0.0,0.0,0.0,1.0,0.0,8.0,0.0,1.0,5.0,3.0,0.0,8.0,0.0,0.0,0.0,1.0,0.0,0.0,0.0,10.0,0.0,0.0,0.0,0.0,0.0,0.0,0.0,3.0,0.0,24.0,0.0,0.0,7.0,1.0,0.0,1.0,6.0,0.0,0.0,0.0,4.0,0.0,3.0,2.0,0.0,4.0,0.0,9.0,0.0,9.0,2.0,0.0,0.0,0.0,0.0,0.0,0.0,0.0,0.0,0.0,0.0,0.0,0.0,0.0,83.0,0.0,0.0,2.0,0.0,4.0,0.0,0.0,1.0,0.0,0.0
微信公众号,31,0.0,0.0,1.0,2.0,0.0,0.0,0.0,2.0,0.0,0.0,0.0,0.0,0.0,0.0,0.0,0.0,0.0,1.0,0.0,0.0,0.0,0.0,0.0,0.0,0.0,0.0,0.0,0.0,0.0,0.0,0.0,0.0,0.0,0.0,0.0,1.0,0.0,0.0,0.0,0.0,0.0,0.0,0.0,0.0,0.0,0.0,0.0,0.0,0.0,0.0,0.0,0.0,0.0,0.0,0.0,0.0,0.0,0.0,0.0,0.0,0.0,0.0,0.0,0.0,0.0,0.0,0.0,1.0,0.0,0.0,0.0,1.0,0.0,1.0,0.0,0.0,0.0,0.0,0.0,0.0,0.0,2.0,0.0,0.0,0.0,0.0,0.0,0.0,0.0,1.0,0.0,3.0,0.0,0.0,0.0,0.0,0.0,0.0,0.0,0.0,0.0,0.0,0.0,0.0,1.0,0.0,0.0,1.0,0.0,0.0,0.0,0.0,0.0,0.0,0.0,0.0,0.0,1.0,0.0,0.0,0.0,0.0,0.0,1.0,0.0,0.0,18.0,0.0,0.0,0.0,0.0,2.0,0.0,0.0,0.0,0.0,0.0
微信小程序,0,0.0,0.0,0.0,0.0,0.0,0.0,0.0,0.0,0.0,0.0,0.0,0.0,0.0,0.0,0.0,0.0,0.0,0.0,0.0,0.0,0.0,0.0,0.0,0.0,0.0,0.0,0.0,0.0,0.0,0.0,0.0,0.0,0.0,0.0,0.0,0.0,0.0,0.0,0.0,0.0,0.0,0.0,0.0,0.0,0.0,0.0,0.0,0.0,0.0,0.0,0.0,0.0,0.0,0.0,0.0,0.0,0.0,0.0,0.0,0.0,0.0,0.0,0.0,0.0,0.0,0.0,0.0,0.0,0.0,0.0,0.0,0.0,0.0,0.0,0.0,0.0,0.0,0.0,0.0,0.0,0.0,0.0,0.0,0.0,0.0,0.0,0.0,0.0,0.0,0.0,0.0,0.0,0.0,0.0,0.0,0.0,0.0,0.0,0.0,0.0,0.0,0.0,0.0,0.0,0.0,0.0,0.0,0.0,0.0,0.0,0.0,0.0,0.0,0.0,0.0,0.0,0.0,0.0,0.0,0.0,0.0,0.0,0.0,0.0,0.0,0.0,1.0,0.0,0.0,0.0,0.0,0.0,0.0,0.0,0.0,0.0,0.0
微信小程序-试乘试驾,702,1.0,0.0,18.0,11.0,0.0,0.0,7.0,13.0,0.0,0.0,0.0,0.0,0.0,0.0,0.0,2.0,0.0,50.0,0.0,0.0,0.0,0.0,7.0,0.0,3.0,3.0,0.0,2.0,0.0,0.0,0.0,0.0,0.0,9.0,0.0,3.0,0.0,0.0,0.0,0.0,1.0,0.0,9.0,1.0,0.0,21.0,1.0,0.0,2.0,1.0,0.0,0.0,0.0,0.0,0.0,7.0,43.0,1.0,5.0,0.0,11.0,1.0,1.0,1.0,2.0,0.0,0.0,35.0,9.0,2.0,91.0,14.0,1.0,26.0,1.0,0.0,0.0,17.0,0.0,1.0,0.0,29.0,0.0,1.0,0.0,1.0,0.0,0.0,0.0,32.0,0.0,104.0,0.0,0.0,17.0,5.0,0.0,3.0,20.0,2.0,0.0,2.0,8.0,0.0,12.0,3.0,0.0,49.0,0.0,31.0,5.0,62.0,31.0,1.0,1.0,1.0,0.0,4.0,3.0,1.0,3.0,2.0,0.0,12.0,0.0,0.0,598.0,0.0,2.0,20.0,1.0,32.0,0.0,0.0,17.0,0.0,0.0
微信服务号-,15,0.0,0.0,0.0,0.0,0.0,0.0,0.0,1.0,0.0,0.0,0.0,0.0,0.0,0.0,0.0,0.0,0.0,6.0,0.0,0.0,0.0,0.0,2.0,0.0,0.0,0.0,0.0,3.0,0.0,0.0,0.0,0.0,0.0,0.0,0.0,0.0,0.0,0.0,0.0,0.0,0.0,0.0,1.0,0.0,0.0,4.0,0.0,0.0,0.0,0.0,0.0,0.0,0.0,0.0,0.0,0.0,0.0,0.0,0.0,0.0,0.0,0.0,0.0,0.0,0.0,0.0,0.0,0.0,1.0,0.0,3.0,1.0,0.0,0.0,2.0,0.0,0.0,2.0,0.0,0.0,0.0,0.0,0.0,0.0,0.0,0.0,0.0,0.0,0.0,2.0,0.0,0.0,0.0,0.0,0.0,1.0,0.0,1.0,1.0,0.0,0.0,0.0,2.0,0.0,0.0,0.0,0.0,3.0,0.0,2.0,0.0,4.0,1.0,0.0,0.0,0.0,0.0,0.0,0.0,0.0,0.0,0.0,0.0,0.0,0.0,0.0,33.0,0.0,0.0,1.0,0.0,1.0,0.0,0.0,1.0,0.0,0.0
心愿单,910,3.0,0.0,138.0,141.0,0.0,3.0,103.0,153.0,0.0,1.0,0.0,0.0,0.0,0.0,1.0,3.0,1.0,329.0,0.0,0.0,0.0,0.0,9.0,0.0,0.0,2.0,0.0,7.0,0.0,0.0,0.0,0.0,0.0,3.0,0.0,0.0,0.0,0.0,0.0,1.0,0.0,0.0,22.0,3.0,0.0,67.0,0.0,0.0,4.0,2.0,8.0,0.0,0.0,0.0,0.0,5.0,81.0,0.0,12.0,0.0,11.0,3.0,1.0,0.0,22.0,117.0,11.0,0.0,38.0,59.0,588.0,58.0,0.0,59.0,15.0,0.0,0.0,136.0,0.0,0.0,0.0,65.0,7.0,5.0,0.0,0.0,0.0,0.0,0.0,89.0,0.0,453.0,3.0,0.0,41.0,8.0,0.0,3.0,63.0,2.0,0.0,6.0,57.0,0.0,36.0,7.0,0.0,168.0,4.0,127.0,3.0,379.0,54.0,14.0,4.0,18.0,0.0,2.0,0.0,6.0,9.0,0.0,0.0,11.0,0.0,0.0,2453.0,0.0,7.0,61.0,1.0,112.0,0.0,5.0,61.0,0.0,2.0
快手-矩阵,0,0.0,0.0,0.0,0.0,0.0,0.0,0.0,0.0,0.0,0.0,0.0,0.0,0.0,0.0,0.0,0.0,0.0,0.0,0.0,0.0,0.0,0.0,0.0,0.0,0.0,0.0,0.0,0.0,0.0,0.0,0.0,0.0,0.0,0.0,0.0,0.0,0.0,0.0,0.0,0.0,0.0,0.0,0.0,0.0,0.0,0.0,0.0,0.0,0.0,0.0,0.0,0.0,0.0,0.0,0.0,0.0,0.0,0.0,0.0,0.0,0.0,0.0,0.0,0.0,0.0,0.0,0.0,0.0,0.0,0.0,0.0,0.0,0.0,0.0,0.0,0.0,0.0,0.0,0.0,0.0,0.0,0.0,0.0,0.0,0.0,0.0,0.0,0.0,0.0,0.0,0.0,0.0,0.0,0.0,0.0,0.0,0.0,0.0,0.0,0.0,0.0,0.0,0.0,0.0,0.0,0.0,0.0,0.0,0.0,0.0,0.0,0.0,0.0,0.0,0.0,0.0,0.0,0.0,0.0,0.0,0.0,0.0,0.0,0.0,0.0,0.0,0.0,0.0,0.0,0.0,0.0,0.0,0.0,0.0,0.0,0.0,0.0
总部孵化,320,3.0,0.0,35.0,20.0,0.0,1.0,12.0,13.0,0.0,1.0,0.0,0.0,0.0,1.0,0.0,3.0,2.0,52.0,0.0,0.0,0.0,0.0,17.0,0.0,3.0,3.0,1.0,1.0,0.0,0.0,0.0,0.0,0.0,1.0,0.0,2.0,1.0,0.0,1.0,0.0,0.0,1.0,1.0,2.0,0.0,18.0,0.0,0.0,3.0,0.0,5.0,0.0,8.0,0.0,0.0,4.0,5.0,0.0,1.0,0.0,3.0,0.0,3.0,0.0,6.0,13.0,0.0,51.0,0.0,2.0,76.0,16.0,5.0,24.0,5.0,1.0,0.0,10.0,0.0,0.0,0.0,14.0,0.0,2.0,4.0,0.0,0.0,0.0,0.0,8.0,0.0,49.0,3.0,0.0,3.0,0.0,0.0,4.0,10.0,2.0,0.0,0.0,5.0,0.0,14.0,4.0,0.0,14.0,1.0,17.0,2.0,32.0,14.0,0.0,0.0,0.0,0.0,1.0,4.0,8.0,6.0,2.0,1.0,7.0,0.0,0.0,385.0,1.0,1.0,8.0,1.0,20.0,0.0,3.0,5.0,0.0,0.0
总部孵化线索,105,2.0,0.0,64.0,40.0,0.0,3.0,27.0,20.0,1.0,3.0,0.0,0.0,0.0,0.0,1.0,3.0,1.0,60.0,0.0,0.0,0.0,1.0,234.0,0.0,4.0,1.0,0.0,4.0,0.0,0.0,1.0,0.0,0.0,1.0,0.0,1.0,2.0,0.0,0.0,0.0,0.0,0.0,6.0,1.0,0.0,34.0,0.0,0.0,4.0,1.0,14.0,0.0,5.0,0.0,9.0,8.0,19.0,0.0,2.0,0.0,4.0,0.0,1.0,1.0,5.0,27.0,3.0,135.0,10.0,0.0,144.0,26.0,2.0,28.0,2.0,0.0,0.0,23.0,0.0,0.0,1.0,30.0,0.0,4.0,2.0,0.0,0.0,0.0,0.0,17.0,0.0,98.0,0.0,0.0,13.0,2.0,0.0,8.0,22.0,2.0,1.0,0.0,8.0,0.0,25.0,4.0,0.0,36.0,2.0,24.0,0.0,92.0,39.0,1.0,1.0,2.0,0.0,2.0,3.0,6.0,2.0,10.0,0.0,10.0,0.0,1.0,730.0,0.0,3.0,10.0,3.0,47.0,0.0,0.0,10.0,0.0,0.0
意向金,4384,2.0,0.0,104.0,73.0,0.0,3.0,32.0,28.0,0.0,2.0,0.0,0.0,0.0,0.0,0.0,6.0,0.0,82.0,0.0,0.0,1.0,0.0,69.0,1.0,34.0,4.0,0.0,5.0,0.0,0.0,0.0,0.0,0.0,4.0,0.0,1.0,2.0,2.0,1.0,2.0,0.0,0.0,5.0,4.0,0.0,39.0,0.0,0.0,2.0,1.0,8.0,0.0,5.0,0.0,0.0,15.0,14.0,0.0,0.0,0.0,1.0,0.0,2.0,3.0,9.0,32.0,2.0,114.0,7.0,1.0,0.0,22.0,10.0,64.0,6.0,0.0,0.0,30.0,0.0,0.0,1.0,53.0,1.0,13.0,1.0,1.0,0.0,0.0,0.0,18.0,0.0,167.0,2.0,1.0,14.0,5.0,2.0,12.0,30.0,1.0,0.0,0.0,20.0,0.0,36.0,6.0,0.0,70.0,2.0,74.0,1.0,468.0,40.0,2.0,2.0,10.0,0.0,1.0,5.0,4.0,23.0,4.0,1.0,12.0,0.0,0.0,1263.0,0.0,5.0,48.0,16.0,65.0,0.0,3.0,18.0,0.0,0.0
懂车帝,1356,2.0,0.0,22.0,22.0,0.0,0.0,11.0,8.0,0.0,0.0,0.0,0.0,0.0,1.0,1.0,1.0,0.0,59.0,0.0,0.0,0.0,0.0,1.0,0.0,0.0,0.0,0.0,0.0,0.0,0.0,0.0,0.0,0.0,2.0,0.0,2.0,1.0,2.0,0.0,0.0,0.0,0.0,7.0,3.0,0.0,23.0,1.0,0.0,5.0,0.0,1.0,0.0,1.0,0.0,0.0,2.0,14.0,0.0,3.0,0.0,6.0,1.0,0.0,1.0,0.0,20.0,0.0,33.0,5.0,0.0,49.0,0.0,1.0,145.0,16.0,0.0,3.0,18.0,0.0,0.0,0.0,60.0,0.0,0.0,0.0,0.0,0.0,1.0,0.0,23.0,0.0,135.0,0.0,0.0,46.0,10.0,1.0,6.0,43.0,3.0,0.0,0.0,21.0,0.0,23.0,5.0,0.0,34.0,1.0,18.0,1.0,56.0,72.0,2.0,1.0,0.0,0.0,7.0,0.0,2.0,2.0,0.0,0.0,7.0,0.0,0.0,714.0,0.0,2.0,17.0,1.0,34.0,0.0,0.0,10.0,0.0,0.0
懂车帝-效果联盟,1,0.0,0.0,0.0,0.0,0.0,0.0,0.0,0.0,0.0,0.0,0.0,0.0,0.0,0.0,0.0,1.0,0.0,0.0,0.0,0.0,0.0,0.0,0.0,0.0,0.0,0.0,0.0,0.0,0.0,0.0,0.0,0.0,0.0,0.0,0.0,0.0,0.0,0.0,0.0,0.0,0.0,0.0,0.0,0.0,0.0,0.0,0.0,0.0,0.0,0.0,0.0,0.0,0.0,0.0,0.0,0.0,0.0,0.0,0.0,0.0,0.0,0.0,0.0,0.0,0.0,0.0,0.0,0.0,0.0,0.0,0.0,0.0,0.0,1.0,0.0,0.0,0.0,0.0,0.0,0.0,0.0,0.0,0.0,0.0,0.0,0.0,0.0,0.0,0.0,0.0,0.0,0.0,0.0,0.0,0.0,0.0,0.0,0.0,0.0,0.0,0.0,0.0,0.0,0.0,0.0,0.0,0.0,0.0,0.0,0.0,0.0,0.0,0.0,0.0,0.0,0.0,0.0,0.0,0.0,0.0,0.0,0.0,0.0,0.0,0.0,0.0,2.0,0.0,0.0,0.0,0.0,0.0,0.0,0.0,0.0,0.0,0.0
懂车帝卖车通,1797,1.0,0.0,56.0,81.0,0.0,0.0,48.0,39.0,0.0,3.0,0.0,1.0,0.0,0.0,2.0,3.0,0.0,198.0,0.0,0.0,0.0,5.0,2.0,0.0,1.0,0.0,1.0,2.0,0.0,0.0,3.0,0.0,1.0,4.0,0.0,3.0,3.0,3.0,0.0,3.0,0.0,0.0,20.0,3.0,0.0,92.0,1.0,0.0,13.0,0.0,2.0,0.0,1.0,0.0,0.0,2.0,52.0,0.0,5.0,0.0,16.0,7.0,5.0,0.0,0.0,33.0,1.0,71.0,16.0,12.0,159.0,277.0,6.0,0.0,42.0,0.0,3.0,107.0,0.0,0.0,0.0,133.0,2.0,2.0,0.0,0.0,0.0,0.0,0.0,63.0,0.0,422.0,3.0,4.0,92.0,15.0,4.0,27.0,174.0,7.0,0.0,3.0,54.0,2.0,79.0,10.0,0.0,100.0,1.0,90.0,4.0,228.0,130.0,4.0,1.0,0.0,0.0,4.0,0.0,9.0,3.0,0.0,0.0,20.0,0.0,0.0,1906.0,0.0,5.0,46.0,3.0,114.0,1.0,1.0,23.0,0.0,0.0
懂车帝卖车通-400,195,0.0,0.0,6.0,2.0,0.0,0.0,3.0,1.0,0.0,0.0,0.0,0.0,0.0,0.0,0.0,0.0,0.0,22.0,0.0,0.0,0.0,0.0,0.0,0.0,0.0,0.0,3.0,1.0,0.0,0.0,2.0,0.0,0.0,1.0,0.0,1.0,0.0,0.0,0.0,0.0,0.0,0.0,0.0,0.0,0.0,5.0,0.0,0.0,4.0,0.0,0.0,0.0,0.0,0.0,0.0,0.0,1.0,0.0,2.0,0.0,1.0,1.0,1.0,0.0,0.0,3.0,0.0,12.0,1.0,0.0,19.0,17.0,0.0,26.0,0.0,0.0,0.0,10.0,0.0,0.0,0.0,16.0,0.0,1.0,0.0,0.0,0.0,0.0,0.0,3.0,0.0,48.0,0.0,0.0,18.0,0.0,2.0,9.0,13.0,0.0,0.0,2.0,3.0,0.0,10.0,3.0,0.0,18.0,0.0,8.0,0.0,32.0,8.0,1.0,0.0,1.0,0.0,0.0,0.0,1.0,1.0,0.0,0.0,0.0,0.0,0.0,182.0,0.0,1.0,4.0,1.0,14.0,1.0,0.0,5.0,0.0,0.0
懂车帝生服,14,0.0,0.0,3.0,2.0,0.0,0.0,0.0,1.0,0.0,0.0,0.0,0.0,0.0,0.0,1.0,0.0,0.0,9.0,0.0,0.0,0.0,0.0,0.0,0.0,0.0,0.0,0.0,0.0,0.0,0.0,1.0,0.0,0.0,0.0,0.0,0.0,0.0,0.0,0.0,0.0,0.0,0.0,4.0,0.0,0.0,1.0,0.0,0.0,0.0,0.0,0.0,0.0,0.0,0.0,0.0,0.0,3.0,0.0,0.0,0.0,0.0,0.0,0.0,0.0,0.0,1.0,0.0,3.0,0.0,1.0,17.0,8.0,0.0,9.0,1.0,0.0,0.0,4.0,0.0,0.0,0.0,3.0,0.0,0.0,0.0,0.0,0.0,0.0,0.0,2.0,0.0,14.0,1.0,0.0,2.0,1.0,0.0,2.0,6.0,0.0,0.0,0.0,0.0,0.0,1.0,0.0,0.0,1.0,0.0,3.0,0.0,8.0,5.0,1.0,0.0,0.0,0.0,1.0,0.0,0.0,0.0,0.0,0.0,2.0,0.0,0.0,87.0,0.0,1.0,1.0,0.0,4.0,0.0,0.0,0.0,0.0,0.0
懂车帝置换,0,0.0,0.0,0.0,0.0,0.0,0.0,0.0,0.0,0.0,0.0,0.0,0.0,0.0,0.0,0.0,0.0,0.0,0.0,0.0,0.0,0.0,0.0,0.0,0.0,0.0,0.0,0.0,0.0,0.0,0.0,0.0,0.0,0.0,0.0,0.0,0.0,0.0,0.0,0.0,0.0,0.0,0.0,0.0,0.0,0.0,0.0,0.0,0.0,0.0,0.0,0.0,0.0,0.0,0.0,0.0,0.0,0.0,0.0,0.0,0.0,0.0,0.0,0.0,0.0,0.0,0.0,0.0,0.0,0.0,0.0,0.0,0.0,0.0,0.0,0.0,0.0,0.0,0.0,0.0,0.0,0.0,0.0,0.0,0.0,0.0,0.0,0.0,0.0,0.0,0.0,0.0,0.0,0.0,0.0,0.0,0.0,0.0,0.0,0.0,0.0,0.0,0.0,0.0,0.0,0.0,0.0,0.0,0.0,0.0,0.0,0.0,0.0,0.0,0.0,0.0,0.0,0.0,0.0,0.0,0.0,0.0,0.0,0.0,0.0,0.0,0.0,0.0,0.0,0.0,0.0,0.0,0.0,0.0,0.0,0.0,0.0,0.0
战败激活,661,4.0,0.0,81.0,72.0,0.0,2.0,62.0,76.0,0.0,2.0,0.0,0.0,1.0,0.0,3.0,2.0,0.0,194.0,1.0,0.0,0.0,5.0,17.0,3.0,0.0,1.0,0.0,4.0,0.0,0.0,5.0,0.0,1.0,4.0,0.0,2.0,3.0,0.0,1.0,0.0,1.0,0.0,17.0,5.0,0.0,69.0,1.0,0.0,12.0,0.0,6.0,1.0,1.0,0.0,0.0,4.0,55.0,0.0,4.0,0.0,10.0,2.0,1.0,0.0,4.0,41.0,2.0,120.0,21.0,22.0,395.0,78.0,4.0,98.0,18.0,0.0,2.0,0.0,0.0,0.0,1.0,145.0,0.0,3.0,0.0,0.0,0.0,0.0,0.0,36.0,0.0,393.0,0.0,0.0,65.0,10.0,0.0,28.0,91.0,2.0,0.0,0.0,34.0,0.0,59.0,15.0,0.0,106.0,0.0,108.0,1.0,161.0,120.0,5.0,1.0,4.0,0.0,4.0,0.0,5.0,1.0,2.0,0.0,12.0,0.0,0.0,1676.0,2.0,10.0,42.0,4.0,116.0,1.0,3.0,27.0,0.0,0.0
户外媒体,0,0.0,0.0,0.0,1.0,0.0,0.0,0.0,0.0,0.0,0.0,0.0,0.0,0.0,0.0,0.0,0.0,0.0,0.0,0.0,0.0,0.0,0.0,1.0,0.0,0.0,0.0,0.0,0.0,0.0,0.0,0.0,0.0,0.0,0.0,0.0,0.0,0.0,0.0,0.0,0.0,0.0,0.0,0.0,0.0,0.0,0.0,0.0,0.0,0.0,0.0,0.0,0.0,0.0,0.0,0.0,0.0,0.0,0.0,0.0,0.0,0.0,0.0,0.0,0.0,0.0,1.0,0.0,2.0,0.0,0.0,1.0,0.0,0.0,0.0,0.0,0.0,0.0,0.0,0.0,0.0,0.0,0.0,0.0,0.0,0.0,0.0,0.0,0.0,0.0,0.0,0.0,1.0,0.0,0.0,0.0,0.0,0.0,0.0,0.0,0.0,0.0,0.0,1.0,0.0,0.0,0.0,0.0,0.0,0.0,0.0,0.0,0.0,0.0,0.0,0.0,1.0,0.0,0.0,0.0,0.0,0.0,0.0,0.0,0.0,0.0,0.0,2.0,0.0,0.0,0.0,0.0,2.0,0.0,0.0,0.0,0.0,0.0
户外电梯广告,9,0.0,0.0,0.0,1.0,0.0,0.0,1.0,0.0,0.0,0.0,0.0,0.0,0.0,0.0,0.0,0.0,0.0,0.0,0.0,0.0,0.0,0.0,0.0,0.0,0.0,0.0,0.0,0.0,0.0,0.0,0.0,0.0,0.0,0.0,0.0,0.0,0.0,0.0,0.0,0.0,0.0,0.0,0.0,0.0,0.0,0.0,0.0,0.0,0.0,0.0,0.0,0.0,0.0,0.0,0.0,0.0,1.0,0.0,0.0,0.0,0.0,0.0,0.0,0.0,0.0,4.0,0.0,2.0,0.0,0.0,1.0,0.0,0.0,0.0,0.0,0.0,0.0,0.0,0.0,0.0,0.0,0.0,0.0,0.0,0.0,0.0,0.0,0.0,0.0,0.0,0.0,1.0,0.0,0.0,1.0,0.0,0.0,0.0,0.0,0.0,0.0,0.0,0.0,0.0,0.0,0.0,0.0,1.0,0.0,1.0,0.0,1.0,2.0,0.0,0.0,0.0,0.0,0.0,0.0,0.0,0.0,0.0,0.0,0.0,0.0,0.0,11.0,0.0,0.0,0.0,0.0,0.0,0.0,0.0,1.0,0.0,0.0
抖音-内容热推,0,0.0,0.0,0.0,0.0,0.0,0.0,0.0,0.0,0.0,0.0,0.0,0.0,0.0,0.0,0.0,0.0,0.0,0.0,0.0,0.0,0.0,0.0,0.0,0.0,0.0,0.0,0.0,0.0,0.0,0.0,0.0,0.0,0.0,0.0,0.0,0.0,0.0,0.0,0.0,0.0,0.0,0.0,0.0,0.0,0.0,0.0,0.0,0.0,0.0,0.0,0.0,0.0,0.0,0.0,0.0,0.0,0.0,0.0,0.0,0.0,0.0,0.0,0.0,0.0,0.0,0.0,0.0,0.0,0.0,0.0,0.0,0.0,0.0,0.0,0.0,0.0,0.0,0.0,0.0,0.0,0.0,0.0,0.0,0.0,0.0,0.0,0.0,0.0,0.0,0.0,0.0,0.0,0.0,0.0,0.0,0.0,0.0,0.0,0.0,0.0,0.0,0.0,0.0,0.0,0.0,0.0,0.0,0.0,0.0,0.0,0.0,0.0,0.0,0.0,0.0,0.0,0.0,0.0,0.0,0.0,0.0,0.0,0.0,0.0,0.0,0.0,0.0,0.0,0.0,0.0,0.0,0.0,0.0,0.0,0.0,0.0,0.0
抖音-矩阵,2167,4.0,0.0,125.0,61.0,0.0,0.0,65.0,51.0,0.0,4.0,0.0,0.0,0.0,0.0,3.0,6.0,1.0,279.0,0.0,0.0,0.0,8.0,18.0,2.0,2.0,0.0,0.0,0.0,0.0,0.0,1.0,0.0,3.0,2.0,0.0,1.0,3.0,2.0,4.0,8.0,0.0,1.0,19.0,16.0,0.0,115.0,2.0,0.0,15.0,4.0,24.0,1.0,8.0,0.0,1.0,3.0,50.0,0.0,6.0,0.0,11.0,3.0,17.0,0.0,3.0,39.0,0.0,135.0,31.0,16.0,263.0,128.0,9.0,175.0,26.0,0.0,0.0,130.0,0.0,0.0,1.0,0.0,1.0,10.0,0.0,1.0,0.0,1.0,0.0,75.0,0.0,912.0,8.0,0.0,117.0,23.0,2.0,34.0,186.0,11.0,1.0,0.0,64.0,2.0,132.0,22.0,1.0,182.0,1.0,109.0,6.0,251.0,285.0,5.0,2.0,6.0,0.0,2.0,2.0,12.0,9.0,4.0,0.0,16.0,0.0,0.0,2225.0,0.0,10.0,66.0,6.0,118.0,2.0,3.0,23.0,0.0,0.0
抖音-种草通竞价,0,0.0,0.0,0.0,0.0,0.0,0.0,0.0,0.0,0.0,0.0,0.0,0.0,0.0,0.0,0.0,0.0,0.0,0.0,0.0,0.0,0.0,0.0,0.0,0.0,0.0,0.0,0.0,0.0,0.0,0.0,0.0,0.0,0.0,0.0,0.0,0.0,0.0,0.0,0.0,0.0,0.0,0.0,0.0,0.0,0.0,0.0,0.0,0.0,0.0,0.0,0.0,0.0,0.0,0.0,0.0,0.0,0.0,0.0,0.0,0.0,0.0,0.0,0.0,0.0,0.0,0.0,0.0,0.0,0.0,0.0,0.0,0.0,0.0,0.0,0.0,0.0,0.0,0.0,0.0,0.0,0.0,0.0,0.0,0.0,0.0,0.0,0.0,0.0,0.0,0.0,0.0,0.0,0.0,0.0,0.0,0.0,0.0,0.0,0.0,0.0,0.0,0.0,0.0,0.0,0.0,0.0,0.0,0.0,0.0,0.0,0.0,0.0,0.0,0.0,0.0,0.0,0.0,0.0,0.0,0.0,0.0,0.0,0.0,0.0,0.0,0.0,0.0,0.0,0.0,0.0,0.0,0.0,0.0,0.0,0.0,0.0,0.0
抖音小程序,22,0.0,0.0,0.0,2.0,0.0,0.0,6.0,0.0,0.0,0.0,0.0,0.0,0.0,0.0,0.0,0.0,0.0,2.0,0.0,0.0,0.0,0.0,1.0,0.0,0.0,0.0,0.0,0.0,0.0,0.0,0.0,0.0,0.0,0.0,0.0,0.0,0.0,0.0,0.0,0.0,0.0,0.0,0.0,0.0,0.0,0.0,0.0,0.0,0.0,0.0,0.0,0.0,0.0,0.0,0.0,0.0,0.0,0.0,2.0,0.0,0.0,0.0,0.0,0.0,0.0,0.0,0.0,1.0,1.0,0.0,1.0,0.0,0.0,0.0,1.0,0.0,0.0,1.0,0.0,0.0,0.0,1.0,0.0,0.0,1.0,0.0,0.0,0.0,0.0,0.0,0.0,6.0,0.0,0.0,2.0,1.0,0.0,0.0,1.0,0.0,0.0,0.0,1.0,0.0,0.0,0.0,0.0,4.0,0.0,1.0,0.0,3.0,8.0,0.0,0.0,0.0,0.0,0.0,0.0,0.0,0.0,0.0,0.0,0.0,0.0,0.0,19.0,0.0,0.0,0.0,0.0,2.0,0.0,0.0,0.0,0.0,0.0
抖音小程序-试乘试驾,0,0.0,0.0,0.0,0.0,0.0,0.0,0.0,0.0,0.0,0.0,0.0,0.0,0.0,0.0,0.0,0.0,0.0,0.0,0.0,0.0,0.0,0.0,0.0,0.0,0.0,0.0,0.0,0.0,0.0,0.0,0.0,0.0,0.0,0.0,0.0,0.0,0.0,0.0,0.0,0.0,0.0,0.0,0.0,0.0,0.0,0.0,0.0,0.0,0.0,0.0,0.0,0.0,0.0,0.0,0.0,0.0,0.0,0.0,0.0,0.0,0.0,0.0,0.0,0.0,0.0,0.0,0.0,0.0,0.0,0.0,0.0,0.0,0.0,0.0,0.0,0.0,0.0,0.0,0.0,0.0,0.0,0.0,0.0,0.0,0.0,0.0,0.0,0.0,0.0,0.0,0.0,0.0,0.0,0.0,0.0,0.0,0.0,0.0,0.0,0.0,0.0,0.0,0.0,0.0,0.0,0.0,0.0,0.0,0.0,0.0,0.0,5.0,0.0,0.0,0.0,0.0,0.0,0.0,0.0,0.0,0.0,0.0,0.0,0.0,0.0,0.0,0.0,0.0,0.0,0.0,0.0,0.0,0.0,0.0,0.0,0.0,0.0
抖音引流短视频,2,0.0,0.0,0.0,0.0,0.0,0.0,0.0,0.0,0.0,0.0,0.0,0.0,0.0,0.0,0.0,0.0,0.0,0.0,0.0,0.0,0.0,0.0,0.0,0.0,0.0,0.0,0.0,0.0,0.0,0.0,0.0,0.0,0.0,0.0,0.0,0.0,0.0,0.0,0.0,0.0,0.0,0.0,0.0,0.0,0.0,0.0,0.0,0.0,0.0,0.0,0.0,0.0,0.0,0.0,0.0,0.0,0.0,0.0,0.0,0.0,0.0,0.0,0.0,0.0,0.0,0.0,0.0,0.0,2.0,0.0,1.0,1.0,0.0,0.0,0.0,0.0,0.0,0.0,0.0,0.0,0.0,0.0,0.0,0.0,0.0,0.0,0.0,0.0,0.0,0.0,0.0,4.0,0.0,0.0,0.0,0.0,0.0,0.0,0.0,0.0,0.0,0.0,0.0,0.0,0.0,0.0,0.0,0.0,0.0,0.0,0.0,0.0,3.0,0.0,0.0,0.0,0.0,0.0,0.0,0.0,0.0,0.0,0.0,0.0,0.0,0.0,7.0,0.0,0.0,0.0,0.0,2.0,0.0,0.0,0.0,0.0,0.0
抖音本地生活服务,8,0.0,0.0,0.0,0.0,0.0,0.0,0.0,0.0,0.0,0.0,0.0,0.0,0.0,0.0,0.0,0.0,0.0,0.0,0.0,0.0,0.0,0.0,0.0,0.0,0.0,0.0,0.0,0.0,0.0,0.0,0.0,0.0,0.0,0.0,0.0,0.0,0.0,0.0,0.0,0.0,0.0,0.0,0.0,0.0,0.0,0.0,0.0,0.0,0.0,0.0,0.0,0.0,0.0,0.0,0.0,0.0,1.0,0.0,0.0,0.0,0.0,0.0,0.0,0.0,0.0,0.0,0.0,1.0,0.0,0.0,0.0,0.0,0.0,0.0,0.0,0.0,1.0,0.0,0.0,0.0,0.0,0.0,0.0,0.0,0.0,0.0,0.0,0.0,0.0,0.0,0.0,0.0,0.0,0.0,0.0,0.0,0.0,0.0,0.0,0.0,0.0,0.0,0.0,0.0,0.0,0.0,0.0,0.0,0.0,0.0,0.0,0.0,0.0,0.0,0.0,0.0,0.0,0.0,0.0,0.0,0.0,0.0,0.0,0.0,0.0,0.0,2.0,0.0,0.0,0.0,0.0,0.0,0.0,0.0,0.0,0.0,0.0
抖音来客电商,5,0.0,0.0,0.0,0.0,0.0,0.0,0.0,0.0,0.0,0.0,0.0,0.0,0.0,0.0,0.0,0.0,0.0,1.0,0.0,0.0,0.0,0.0,0.0,0.0,0.0,0.0,0.0,0.0,0.0,0.0,0.0,0.0,0.0,0.0,0.0,0.0,0.0,0.0,0.0,0.0,0.0,0.0,0.0,0.0,0.0,0.0,0.0,0.0,0.0,0.0,0.0,0.0,0.0,0.0,0.0,0.0,0.0,0.0,0.0,0.0,0.0,0.0,0.0,0.0,0.0,0.0,0.0,0.0,0.0,0.0,0.0,0.0,0.0,0.0,0.0,0.0,0.0,0.0,0.0,0.0,0.0,0.0,0.0,0.0,0.0,0.0,0.0,0.0,0.0,0.0,0.0,0.0,0.0,0.0,0.0,0.0,0.0,0.0,0.0,0.0,0.0,0.0,0.0,0.0,0.0,0.0,0.0,0.0,0.0,1.0,0.0,0.0,0.0,0.0,0.0,0.0,0.0,0.0,0.0,0.0,0.0,0.0,0.0,0.0,0.0,0.0,2.0,0.0,0.0,0.0,0.0,0.0,0.0,0.0,0.0,0.0,0.0
抖音达人运营,10,0.0,0.0,0.0,0.0,0.0,0.0,0.0,0.0,0.0,0.0,0.0,0.0,0.0,0.0,0.0,0.0,0.0,0.0,0.0,0.0,0.0,0.0,0.0,0.0,0.0,0.0,0.0,0.0,0.0,0.0,0.0,0.0,0.0,0.0,0.0,0.0,0.0,0.0,0.0,0.0,0.0,0.0,0.0,0.0,0.0,1.0,0.0,0.0,0.0,0.0,0.0,0.0,0.0,0.0,0.0,0.0,0.0,0.0,0.0,0.0,0.0,0.0,0.0,0.0,0.0,1.0,0.0,0.0,1.0,0.0,2.0,0.0,0.0,0.0,0.0,0.0,0.0,0.0,0.0,0.0,0.0,1.0,0.0,0.0,0.0,0.0,0.0,0.0,0.0,0.0,0.0,3.0,0.0,0.0,0.0,0.0,0.0,0.0,0.0,0.0,0.0,1.0,1.0,0.0,0.0,0.0,0.0,0.0,0.0,0.0,0.0,0.0,0.0,0.0,0.0,0.0,0.0,0.0,0.0,0.0,0.0,0.0,0.0,0.0,0.0,0.0,7.0,0.0,0.0,0.0,0.0,0.0,0.0,0.0,0.0,0.0,0.0
新媒体-小红书,894,1.0,0.0,17.0,11.0,0.0,0.0,16.0,6.0,0.0,2.0,0.0,0.0,0.0,0.0,0.0,0.0,0.0,26.0,0.0,0.0,0.0,0.0,0.0,0.0,0.0,0.0,0.0,0.0,0.0,0.0,1.0,0.0,0.0,1.0,0.0,1.0,1.0,0.0,1.0,0.0,0.0,0.0,5.0,2.0,0.0,17.0,0.0,0.0,2.0,0.0,0.0,0.0,1.0,0.0,0.0,0.0,6.0,0.0,25.0,0.0,17.0,0.0,1.0,2.0,0.0,15.0,0.0,14.0,3.0,0.0,11.0,22.0,0.0,40.0,6.0,0.0,0.0,10.0,0.0,0.0,0.0,34.0,0.0,0.0,0.0,0.0,0.0,0.0,0.0,0.0,0.0,77.0,3.0,0.0,12.0,3.0,0.0,2.0,16.0,0.0,0.0,0.0,7.0,0.0,16.0,9.0,0.0,16.0,1.0,9.0,0.0,28.0,27.0,0.0,0.0,0.0,0.0,3.0,1.0,2.0,1.0,0.0,0.0,16.0,0.0,0.0,418.0,0.0,0.0,11.0,1.0,16.0,0.0,2.0,4.0,0.0,0.0
新媒体-快手,1,0.0,0.0,0.0,0.0,0.0,0.0,0.0,0.0,0.0,0.0,0.0,0.0,0.0,0.0,0.0,0.0,0.0,0.0,0.0,0.0,0.0,0.0,0.0,0.0,0.0,0.0,0.0,0.0,0.0,0.0,0.0,0.0,0.0,0.0,0.0,0.0,0.0,0.0,0.0,0.0,0.0,0.0,0.0,0.0,0.0,0.0,0.0,0.0,0.0,0.0,0.0,0.0,0.0,0.0,0.0,0.0,0.0,0.0,0.0,0.0,0.0,0.0,0.0,0.0,0.0,0.0,0.0,0.0,0.0,0.0,0.0,0.0,0.0,0.0,0.0,0.0,0.0,0.0,0.0,0.0,0.0,1.0,0.0,0.0,0.0,0.0,0.0,0.0,0.0,0.0,0.0,0.0,0.0,0.0,0.0,0.0,0.0,0.0,1.0,0.0,0.0,0.0,0.0,0.0,0.0,1.0,0.0,0.0,0.0,0.0,0.0,1.0,0.0,0.0,0.0,0.0,0.0,0.0,0.0,0.0,0.0,0.0,0.0,0.0,0.0,0.0,9.0,0.0,0.0,0.0,0.0,0.0,0.0,0.0,0.0,0.0,0.0
新媒体-抖音,6626,2.0,0.0,99.0,63.0,0.0,0.0,59.0,24.0,0.0,5.0,0.0,0.0,0.0,0.0,1.0,1.0,0.0,186.0,0.0,0.0,0.0,8.0,9.0,1.0,1.0,1.0,0.0,4.0,0.0,0.0,0.0,0.0,0.0,6.0,0.0,7.0,2.0,3.0,2.0,1.0,0.0,0.0,21.0,9.0,1.0,102.0,0.0,0.0,28.0,0.0,5.0,2.0,0.0,0.0,2.0,2.0,61.0,0.0,28.0,0.0,24.0,1.0,8.0,5.0,3.0,50.0,0.0,83.0,16.0,10.0,164.0,101.0,4.0,174.0,11.0,0.0,0.0,59.0,0.0,0.0,0.0,402.0,0.0,10.0,0.0,0.0,0.0,1.0,0.0,96.0,0.0,0.0,10.0,0.0,110.0,23.0,0.0,27.0,149.0,18.0,3.0,1.0,70.0,2.0,99.0,21.0,1.0,151.0,4.0,82.0,8.0,190.0,350.0,6.0,2.0,1.0,0.0,10.0,1.0,5.0,2.0,2.0,0.0,35.0,0.0,0.0,2053.0,0.0,12.0,88.0,2.0,106.0,2.0,4.0,25.0,0.0,0.0
新媒体-视频号,97,0.0,0.0,1.0,1.0,0.0,0.0,0.0,3.0,0.0,0.0,0.0,0.0,0.0,0.0,0.0,0.0,0.0,2.0,0.0,0.0,0.0,0.0,1.0,0.0,0.0,0.0,0.0,0.0,0.0,0.0,0.0,0.0,0.0,0.0,0.0,0.0,0.0,0.0,0.0,0.0,0.0,0.0,0.0,0.0,0.0,0.0,0.0,0.0,0.0,0.0,0.0,0.0,0.0,0.0,0.0,0.0,1.0,0.0,0.0,0.0,0.0,0.0,0.0,0.0,0.0,0.0,0.0,0.0,0.0,0.0,0.0,0.0,0.0,0.0,0.0,0.0,0.0,1.0,0.0,0.0,0.0,4.0,0.0,0.0,0.0,0.0,0.0,0.0,0.0,0.0,0.0,3.0,0.0,0.0,0.0,0.0,0.0,0.0,2.0,1.0,0.0,0.0,0.0,0.0,0.0,0.0,0.0,0.0,0.0,1.0,0.0,1.0,2.0,0.0,0.0,0.0,0.0,0.0,0.0,0.0,1.0,0.0,0.0,0.0,0.0,0.0,22.0,0.0,0.0,0.0,0.0,0.0,0.0,0.0,0.0,0.0,0.0
易车,1348,0.0,0.0,17.0,8.0,0.0,0.0,12.0,2.0,0.0,1.0,0.0,0.0,0.0,0.0,0.0,2.0,0.0,40.0,0.0,0.0,1.0,3.0,1.0,0.0,0.0,0.0,0.0,0.0,0.0,0.0,0.0,0.0,0.0,0.0,0.0,4.0,0.0,5.0,0.0,0.0,0.0,0.0,6.0,1.0,0.0,18.0,0.0,0.0,2.0,0.0,2.0,0.0,2.0,0.0,0.0,0.0,7.0,0.0,2.0,0.0,3.0,0.0,5.0,0.0,0.0,5.0,0.0,15.0,4.0,2.0,31.0,31.0,2.0,28.0,5.0,0.0,0.0,29.0,0.0,0.0,2.0,19.0,0.0,1.0,2.0,0.0,0.0,0.0,0.0,12.0,0.0,97.0,0.0,1.0,0.0,4.0,0.0,25.0,97.0,0.0,1.0,2.0,17.0,0.0,18.0,8.0,0.0,43.0,2.0,9.0,2.0,25.0,45.0,0.0,0.0,0.0,0.0,2.0,0.0,2.0,0.0,1.0,0.0,2.0,0.0,0.0,518.0,0.0,2.0,13.0,2.0,19.0,0.0,0.0,7.0,0.0,0.0
易车-效果,194,0.0,0.0,5.0,3.0,0.0,0.0,3.0,2.0,0.0,0.0,0.0,0.0,0.0,0.0,0.0,0.0,0.0,8.0,0.0,0.0,0.0,0.0,0.0,0.0,0.0,0.0,0.0,0.0,0.0,0.0,0.0,0.0,0.0,0.0,0.0,0.0,0.0,0.0,0.0,0.0,0.0,0.0,2.0,0.0,0.0,2.0,0.0,0.0,3.0,0.0,0.0,0.0,0.0,0.0,0.0,0.0,4.0,0.0,0.0,0.0,2.0,0.0,0.0,0.0,0.0,2.0,0.0,3.0,2.0,1.0,16.0,8.0,0.0,10.0,0.0,0.0,0.0,12.0,0.0,0.0,0.0,10.0,0.0,0.0,0.0,0.0,0.0,0.0,0.0,6.0,0.0,28.0,1.0,0.0,5.0,0.0,0.0,1.0,14.0,0.0,0.0,0.0,5.0,0.0,11.0,0.0,0.0,5.0,0.0,6.0,0.0,10.0,19.0,0.0,0.0,0.0,0.0,1.0,0.0,0.0,0.0,0.0,0.0,2.0,0.0,0.0,97.0,0.0,0.0,2.0,0.0,6.0,0.0,0.0,0.0,0.0,0.0
易车伙伴400,510,4.0,0.0,35.0,26.0,0.0,1.0,10.0,10.0,0.0,1.0,0.0,0.0,0.0,0.0,0.0,4.0,1.0,75.0,0.0,0.0,1.0,3.0,7.0,0.0,1.0,0.0,1.0,0.0,0.0,0.0,0.0,0.0,0.0,4.0,0.0,3.0,1.0,0.0,2.0,0.0,0.0,0.0,6.0,1.0,0.0,29.0,0.0,0.0,2.0,0.0,5.0,1.0,6.0,1.0,0.0,3.0,17.0,0.0,0.0,0.0,2.0,1.0,2.0,1.0,3.0,15.0,1.0,29.0,6.0,3.0,75.0,15.0,8.0,40.0,7.0,0.0,1.0,24.0,0.0,0.0,0.0,45.0,0.0,2.0,0.0,0.0,1.0,0.0,0.0,20.0,0.0,107.0,0.0,0.0,45.0,3.0,0.0,0.0,42.0,2.0,0.0,3.0,17.0,1.0,27.0,16.0,0.0,43.0,0.0,25.0,4.0,73.0,41.0,1.0,0.0,2.0,0.0,1.0,1.0,6.0,4.0,1.0,0.0,12.0,0.0,0.0,655.0,0.0,2.0,15.0,2.0,54.0,0.0,1.0,4.0,0.0,0.0
易车伙伴网单,1873,2.0,0.0,69.0,38.0,0.0,0.0,24.0,26.0,0.0,4.0,0.0,0.0,0.0,0.0,1.0,3.0,0.0,150.0,0.0,0.0,2.0,2.0,3.0,0.0,0.0,0.0,0.0,0.0,0.0,0.0,0.0,0.0,0.0,7.0,0.0,7.0,2.0,2.0,1.0,3.0,0.0,0.0,20.0,11.0,0.0,56.0,0.0,0.0,16.0,0.0,4.0,4.0,6.0,0.0,3.0,0.0,11.0,0.0,5.0,0.0,9.0,0.0,3.0,2.0,1.0,22.0,2.0,38.0,12.0,23.0,79.0,73.0,5.0,157.0,18.0,0.0,0.0,56.0,0.0,0.0,0.0,137.0,0.0,7.0,1.0,0.0,1.0,0.0,1.0,42.0,0.0,426.0,3.0,1.0,168.0,20.0,2.0,46.0,0.0,14.0,0.0,2.0,38.0,1.0,92.0,15.0,0.0,105.0,1.0,36.0,0.0,97.0,205.0,5.0,0.0,2.0,0.0,3.0,1.0,8.0,2.0,5.0,0.0,11.0,0.0,0.0,1415.0,0.0,3.0,22.0,0.0,73.0,2.0,4.0,16.0,0.0,0.0
智己生活家,118,0.0,0.0,3.0,2.0,0.0,0.0,1.0,2.0,0.0,0.0,0.0,0.0,0.0,0.0,0.0,2.0,0.0,7.0,0.0,0.0,0.0,1.0,0.0,0.0,0.0,0.0,0.0,0.0,0.0,0.0,0.0,0.0,0.0,0.0,0.0,0.0,0.0,0.0,0.0,0.0,0.0,0.0,1.0,0.0,0.0,3.0,0.0,0.0,1.0,0.0,1.0,0.0,0.0,0.0,0.0,0.0,2.0,0.0,1.0,0.0,0.0,0.0,0.0,0.0,0.0,0.0,0.0,5.0,1.0,1.0,4.0,7.0,0.0,5.0,1.0,0.0,0.0,2.0,0.0,0.0,0.0,9.0,0.0,1.0,0.0,0.0,0.0,0.0,0.0,1.0,0.0,17.0,0.0,0.0,8.0,0.0,0.0,1.0,0.0,0.0,0.0,0.0,2.0,0.0,8.0,0.0,0.0,9.0,0.0,1.0,1.0,8.0,15.0,1.0,0.0,0.0,0.0,0.0,0.0,0.0,0.0,0.0,0.0,1.0,0.0,0.0,94.0,0.0,1.0,1.0,2.0,8.0,0.0,0.0,1.0,0.0,0.0
智己福利社,9,0.0,0.0,0.0,1.0,0.0,0.0,0.0,0.0,0.0,0.0,0.0,0.0,0.0,0.0,0.0,0.0,0.0,0.0,0.0,0.0,0.0,0.0,0.0,0.0,0.0,0.0,0.0,0.0,0.0,0.0,0.0,0.0,0.0,0.0,0.0,0.0,0.0,0.0,0.0,0.0,0.0,0.0,0.0,0.0,0.0,1.0,0.0,0.0,0.0,0.0,0.0,0.0,0.0,0.0,0.0,0.0,0.0,0.0,0.0,0.0,0.0,0.0,0.0,0.0,0.0,1.0,0.0,0.0,0.0,1.0,0.0,0.0,0.0,1.0,0.0,0.0,0.0,0.0,0.0,0.0,0.0,0.0,0.0,0.0,0.0,0.0,0.0,0.0,0.0,0.0,0.0,0.0,0.0,0.0,0.0,0.0,0.0,0.0,0.0,0.0,0.0,0.0,0.0,0.0,1.0,0.0,0.0,1.0,0.0,0.0,0.0,2.0,3.0,0.0,0.0,0.0,0.0,0.0,0.0,0.0,0.0,0.0,0.0,0.0,0.0,0.0,9.0,0.0,0.0,0.0,0.0,0.0,0.0,0.0,0.0,0.0,0.0
朋友圈投放（区域）,34,0.0,0.0,0.0,0.0,0.0,0.0,0.0,0.0,0.0,0.0,0.0,0.0,0.0,0.0,0.0,0.0,0.0,1.0,0.0,0.0,0.0,0.0,0.0,0.0,0.0,0.0,0.0,0.0,0.0,0.0,0.0,0.0,0.0,0.0,0.0,0.0,0.0,0.0,0.0,0.0,0.0,0.0,0.0,0.0,0.0,1.0,0.0,0.0,0.0,0.0,0.0,0.0,0.0,0.0,0.0,0.0,0.0,0.0,0.0,0.0,0.0,0.0,0.0,0.0,0.0,0.0,0.0,0.0,0.0,0.0,0.0,0.0,0.0,0.0,0.0,0.0,0.0,4.0,0.0,0.0,0.0,0.0,0.0,0.0,0.0,0.0,0.0,0.0,0.0,0.0,0.0,0.0,0.0,0.0,0.0,0.0,0.0,0.0,0.0,0.0,0.0,0.0,0.0,0.0,0.0,0.0,0.0,1.0,0.0,0.0,0.0,0.0,2.0,0.0,0.0,0.0,0.0,0.0,0.0,0.0,0.0,0.0,0.0,0.0,0.0,0.0,12.0,0.0,0.0,0.0,0.0,0.0,0.0,0.0,0.0,0.0,0.0
服务行业,0,0.0,0.0,0.0,0.0,0.0,0.0,0.0,0.0,0.0,0.0,0.0,0.0,0.0,0.0,0.0,0.0,0.0,0.0,0.0,0.0,0.0,0.0,0.0,0.0,0.0,0.0,0.0,0.0,0.0,0.0,0.0,0.0,0.0,0.0,0.0,0.0,0.0,0.0,0.0,0.0,0.0,0.0,0.0,0.0,0.0,0.0,0.0,0.0,0.0,0.0,0.0,0.0,0.0,0.0,0.0,0.0,0.0,0.0,0.0,0.0,0.0,0.0,0.0,0.0,0.0,0.0,0.0,0.0,0.0,0.0,0.0,0.0,0.0,0.0,0.0,0.0,0.0,0.0,0.0,0.0,0.0,0.0,0.0,0.0,0.0,0.0,0.0,0.0,0.0,0.0,0.0,0.0,0.0,0.0,0.0,0.0,0.0,0.0,0.0,0.0,0.0,0.0,0.0,0.0,0.0,0.0,0.0,0.0,0.0,0.0,0.0,0.0,0.0,0.0,0.0,0.0,0.0,0.0,0.0,0.0,0.0,0.0,0.0,0.0,0.0,0.0,0.0,0.0,0.0,0.0,0.0,0.0,0.0,0.0,0.0,0.0,0.0
汽车之家,713,0.0,0.0,22.0,22.0,0.0,0.0,9.0,4.0,0.0,0.0,0.0,0.0,0.0,0.0,9.0,1.0,0.0,44.0,0.0,0.0,0.0,1.0,0.0,0.0,1.0,0.0,0.0,0.0,0.0,0.0,0.0,0.0,0.0,1.0,0.0,1.0,1.0,0.0,0.0,6.0,0.0,0.0,14.0,5.0,0.0,19.0,0.0,0.0,1.0,0.0,0.0,0.0,0.0,0.0,0.0,2.0,3.0,0.0,0.0,0.0,1.0,0.0,1.0,2.0,0.0,13.0,1.0,8.0,7.0,5.0,29.0,25.0,1.0,13.0,1.0,0.0,3.0,6.0,0.0,0.0,0.0,21.0,0.0,0.0,0.0,0.0,0.0,0.0,0.0,11.0,0.0,85.0,4.0,1.0,25.0,8.0,0.0,5.0,25.0,0.0,0.0,1.0,0.0,1.0,73.0,19.0,0.0,33.0,1.0,9.0,0.0,36.0,34.0,1.0,0.0,1.0,0.0,2.0,0.0,3.0,1.0,1.0,0.0,5.0,0.0,0.0,483.0,0.0,1.0,16.0,2.0,21.0,0.0,1.0,19.0,0.0,0.0
汽车之家-效果,0,0.0,0.0,0.0,0.0,0.0,0.0,0.0,0.0,0.0,0.0,0.0,0.0,0.0,0.0,0.0,0.0,0.0,2.0,0.0,0.0,0.0,0.0,0.0,0.0,0.0,0.0,0.0,0.0,0.0,0.0,0.0,0.0,0.0,0.0,0.0,0.0,0.0,0.0,0.0,0.0,0.0,0.0,0.0,0.0,0.0,0.0,0.0,0.0,0.0,0.0,0.0,0.0,1.0,0.0,0.0,1.0,0.0,0.0,0.0,0.0,0.0,0.0,0.0,0.0,0.0,0.0,0.0,0.0,0.0,0.0,0.0,0.0,0.0,0.0,0.0,0.0,0.0,0.0,0.0,0.0,0.0,0.0,0.0,0.0,0.0,0.0,0.0,0.0,0.0,0.0,0.0,2.0,0.0,0.0,0.0,0.0,0.0,0.0,0.0,0.0,0.0,0.0,0.0,0.0,0.0,0.0,0.0,0.0,0.0,0.0,0.0,1.0,0.0,0.0,0.0,0.0,0.0,0.0,0.0,1.0,0.0,0.0,0.0,0.0,0.0,0.0,5.0,0.0,0.0,0.0,0.0,0.0,0.0,0.0,0.0,0.0,0.0
汽车之家车商汇,1064,12.0,0.0,47.0,39.0,0.0,0.0,36.0,16.0,0.0,1.0,0.0,0.0,0.0,0.0,8.0,3.0,0.0,160.0,0.0,0.0,0.0,1.0,1.0,0.0,3.0,0.0,0.0,0.0,0.0,0.0,1.0,0.0,2.0,1.0,0.0,2.0,0.0,0.0,1.0,7.0,0.0,0.0,24.0,9.0,0.0,76.0,0.0,0.0,7.0,0.0,7.0,0.0,5.0,0.0,0.0,4.0,33.0,0.0,4.0,0.0,13.0,0.0,6.0,5.0,3.0,23.0,2.0,75.0,11.0,6.0,241.0,53.0,3.0,97.0,12.0,1.0,6.0,57.0,0.0,0.0,0.0,90.0,1.0,3.0,1.0,0.0,0.0,0.0,0.0,39.0,0.0,339.0,1.0,7.0,98.0,12.0,3.0,22.0,124.0,5.0,0.0,0.0,117.0,6.0,0.0,21.0,0.0,102.0,0.0,64.0,6.0,221.0,105.0,0.0,0.0,0.0,0.0,4.0,2.0,6.0,0.0,2.0,0.0,8.0,0.0,0.0,1533.0,0.0,1.0,20.0,1.0,87.0,2.0,0.0,26.0,0.0,0.0
汽车之家车商汇400,272,0.0,0.0,11.0,9.0,0.0,1.0,5.0,3.0,0.0,0.0,0.0,0.0,0.0,0.0,0.0,0.0,1.0,20.0,0.0,0.0,0.0,0.0,4.0,0.0,1.0,0.0,0.0,1.0,0.0,0.0,6.0,0.0,0.0,0.0,0.0,1.0,0.0,0.0,1.0,3.0,1.0,0.0,8.0,0.0,0.0,6.0,0.0,0.0,0.0,0.0,2.0,0.0,0.0,0.0,0.0,1.0,3.0,0.0,1.0,0.0,1.0,0.0,2.0,0.0,0.0,5.0,0.0,7.0,2.0,1.0,36.0,7.0,1.0,23.0,5.0,0.0,0.0,14.0,0.0,0.0,0.0,8.0,0.0,0.0,0.0,0.0,0.0,0.0,0.0,13.0,0.0,45.0,3.0,0.0,17.0,2.0,0.0,8.0,10.0,1.0,0.0,0.0,19.0,0.0,16.0,0.0,0.0,16.0,0.0,9.0,2.0,29.0,7.0,0.0,0.0,2.0,0.0,0.0,0.0,1.0,5.0,0.0,1.0,1.0,0.0,0.0,251.0,0.0,2.0,3.0,0.0,8.0,0.0,0.0,1.0,0.0,0.0
汽车金融平台,4,0.0,0.0,1.0,0.0,0.0,0.0,1.0,0.0,0.0,0.0,0.0,0.0,0.0,0.0,0.0,0.0,0.0,0.0,0.0,0.0,0.0,0.0,0.0,0.0,0.0,0.0,0.0,0.0,0.0,0.0,0.0,0.0,0.0,0.0,0.0,0.0,0.0,0.0,0.0,0.0,0.0,0.0,0.0,0.0,0.0,1.0,0.0,0.0,0.0,0.0,0.0,0.0,0.0,0.0,0.0,0.0,2.0,0.0,0.0,0.0,0.0,0.0,0.0,0.0,0.0,0.0,0.0,0.0,2.0,0.0,4.0,1.0,0.0,1.0,0.0,0.0,0.0,0.0,0.0,0.0,0.0,1.0,0.0,0.0,0.0,0.0,0.0,0.0,0.0,0.0,0.0,4.0,0.0,0.0,1.0,0.0,0.0,0.0,1.0,0.0,0.0,0.0,0.0,0.0,1.0,0.0,0.0,1.0,0.0,0.0,0.0,7.0,0.0,0.0,0.0,0.0,0.0,0.0,0.0,0.0,0.0,0.0,0.0,0.0,0.0,0.0,21.0,0.0,0.0,0.0,0.0,0.0,0.0,0.0,1.0,0.0,0.0
活动自然参与,2366,1.0,0.0,38.0,33.0,0.0,0.0,14.0,18.0,0.0,0.0,0.0,0.0,0.0,0.0,2.0,3.0,0.0,104.0,0.0,1.0,0.0,5.0,35.0,1.0,2.0,1.0,0.0,2.0,0.0,0.0,2.0,0.0,2.0,0.0,0.0,1.0,3.0,0.0,0.0,0.0,1.0,0.0,18.0,1.0,0.0,52.0,1.0,0.0,5.0,1.0,9.0,1.0,5.0,0.0,0.0,3.0,14.0,1.0,3.0,0.0,6.0,0.0,4.0,1.0,1.0,21.0,0.0,52.0,3.0,1.0,118.0,36.0,4.0,51.0,6.0,0.0,0.0,36.0,0.0,0.0,0.0,57.0,0.0,2.0,3.0,0.0,0.0,0.0,0.0,22.0,0.0,167.0,0.0,0.0,38.0,6.0,0.0,9.0,40.0,4.0,0.0,3.0,21.0,1.0,31.0,7.0,0.0,0.0,1.0,40.0,2.0,93.0,58.0,2.0,2.0,4.0,0.0,2.0,2.0,2.0,5.0,2.0,0.0,10.0,0.0,0.0,935.0,0.0,7.0,34.0,3.0,76.0,0.0,2.0,22.0,0.0,0.0
用户裂变,2721,2.0,0.0,19.0,62.0,0.0,1.0,22.0,22.0,0.0,1.0,0.0,0.0,0.0,0.0,1.0,0.0,0.0,142.0,0.0,0.0,0.0,1.0,6.0,0.0,1.0,0.0,0.0,5.0,0.0,0.0,2.0,0.0,0.0,0.0,0.0,0.0,0.0,0.0,1.0,3.0,0.0,0.0,3.0,6.0,0.0,40.0,0.0,0.0,1.0,0.0,0.0,0.0,0.0,0.0,0.0,1.0,13.0,0.0,1.0,0.0,1.0,1.0,1.0,0.0,1.0,52.0,1.0,45.0,5.0,2.0,130.0,30.0,0.0,30.0,1.0,0.0,0.0,32.0,0.0,0.0,0.0,39.0,2.0,0.0,0.0,0.0,0.0,0.0,0.0,40.0,0.0,180.0,5.0,0.0,21.0,3.0,0.0,9.0,24.0,1.0,1.0,1.0,19.0,0.0,16.0,7.0,0.0,77.0,1.0,0.0,1.0,173.0,33.0,2.0,0.0,4.0,0.0,1.0,0.0,5.0,0.0,0.0,0.0,5.0,0.0,0.0,1170.0,2.0,4.0,49.0,4.0,39.0,1.0,14.0,17.0,0.0,0.0
百度-搜索SEM竞价,32,0.0,0.0,0.0,0.0,0.0,0.0,0.0,0.0,0.0,0.0,0.0,0.0,0.0,0.0,0.0,0.0,0.0,0.0,0.0,0.0,0.0,0.0,0.0,0.0,0.0,0.0,0.0,0.0,0.0,0.0,0.0,0.0,0.0,0.0,0.0,0.0,0.0,0.0,0.0,0.0,0.0,0.0,1.0,0.0,0.0,0.0,0.0,0.0,0.0,0.0,0.0,0.0,0.0,0.0,0.0,0.0,0.0,0.0,0.0,0.0,0.0,0.0,0.0,0.0,0.0,0.0,0.0,0.0,0.0,0.0,0.0,1.0,0.0,0.0,0.0,0.0,0.0,0.0,0.0,0.0,0.0,1.0,0.0,0.0,0.0,0.0,0.0,0.0,0.0,0.0,0.0,2.0,0.0,0.0,0.0,0.0,0.0,0.0,0.0,0.0,0.0,0.0,0.0,0.0,0.0,0.0,0.0,1.0,0.0,0.0,0.0,0.0,0.0,0.0,0.0,0.0,0.0,0.0,0.0,0.0,0.0,0.0,0.0,0.0,0.0,0.0,6.0,0.0,1.0,0.0,0.0,1.0,0.0,0.0,0.0,0.0,0.0
直接大定,2336,0.0,0.0,11.0,7.0,0.0,2.0,7.0,4.0,0.0,0.0,0.0,0.0,0.0,0.0,0.0,0.0,0.0,8.0,0.0,0.0,0.0,1.0,7.0,1.0,0.0,0.0,0.0,0.0,0.0,0.0,0.0,0.0,0.0,0.0,1.0,2.0,0.0,0.0,0.0,0.0,0.0,0.0,1.0,1.0,0.0,4.0,0.0,0.0,1.0,0.0,1.0,0.0,1.0,0.0,0.0,0.0,3.0,0.0,10.0,0.0,1.0,0.0,0.0,0.0,3.0,2.0,0.0,14.0,0.0,0.0,107.0,1.0,0.0,9.0,2.0,0.0,0.0,4.0,0.0,0.0,0.0,11.0,0.0,0.0,0.0,0.0,0.0,0.0,0.0,2.0,0.0,40.0,2.0,0.0,2.0,0.0,0.0,1.0,3.0,0.0,0.0,0.0,7.0,0.0,2.0,1.0,0.0,16.0,0.0,5.0,0.0,0.0,15.0,1.0,1.0,4.0,0.0,0.0,0.0,0.0,4.0,0.0,0.0,2.0,0.0,0.0,535.0,1.0,0.0,29.0,1.0,12.0,1.0,2.0,6.0,0.0,0.0
直播业务(Group),2703,2.0,0.0,128.0,88.0,0.0,0.0,69.0,49.0,0.0,0.0,0.0,0.0,0.0,0.0,3.0,4.0,1.0,209.0,0.0,0.0,0.0,17.0,24.0,1.0,6.0,3.0,0.0,1.0,0.0,0.0,3.0,0.0,0.0,3.0,0.0,7.0,6.0,2.0,9.0,9.0,0.0,0.0,23.0,6.0,0.0,92.0,0.0,0.0,37.0,3.0,22.0,4.0,9.0,0.0,0.0,6.0,63.0,0.0,10.0,0.0,19.0,3.0,9.0,4.0,2.0,42.0,3.0,110.0,32.0,9.0,205.0,127.0,3.0,182.0,13.0,0.0,1.0,91.0,2.0,0.0,0.0,222.0,1.0,27.0,3.0,0.0,1.0,0.0,0.0,65.0,0.0,549.0,4.0,9.0,87.0,26.0,0.0,43.0,128.0,19.0,0.0,3.0,69.0,2.0,63.0,17.0,0.0,109.0,0.0,63.0,5.0,176.0,307.0,3.0,1.0,1.0,0.0,10.0,0.0,4.0,3.0,2.0,3.0,25.0,0.0,0.0,2602.0,5.0,3.0,29.0,9.0,122.0,3.0,7.0,29.0,0.0,0.0
私人管家,96,0.0,0.0,8.0,5.0,0.0,0.0,2.0,3.0,0.0,0.0,0.0,0.0,0.0,0.0,0.0,1.0,0.0,6.0,0.0,0.0,0.0,0.0,4.0,0.0,4.0,0.0,0.0,1.0,0.0,0.0,0.0,0.0,0.0,0.0,0.0,0.0,0.0,0.0,0.0,0.0,0.0,0.0,1.0,0.0,0.0,3.0,0.0,0.0,2.0,1.0,3.0,0.0,1.0,0.0,0.0,0.0,0.0,0.0,0.0,0.0,0.0,0.0,0.0,0.0,2.0,0.0,0.0,7.0,0.0,0.0,29.0,3.0,0.0,0.0,1.0,0.0,0.0,3.0,1.0,0.0,0.0,3.0,0.0,0.0,0.0,0.0,0.0,0.0,0.0,4.0,0.0,7.0,0.0,0.0,1.0,0.0,0.0,0.0,3.0,0.0,0.0,0.0,1.0,0.0,1.0,0.0,0.0,3.0,1.0,7.0,0.0,15.0,5.0,0.0,0.0,0.0,0.0,1.0,0.0,0.0,0.0,0.0,0.0,0.0,0.0,0.0,80.0,0.0,0.0,2.0,0.0,5.0,0.0,0.0,0.0,0.0,0.0
经销商保客,29,0.0,0.0,1.0,0.0,0.0,0.0,0.0,0.0,0.0,0.0,0.0,0.0,0.0,0.0,0.0,0.0,1.0,1.0,0.0,0.0,0.0,0.0,4.0,0.0,0.0,0.0,0.0,0.0,0.0,0.0,0.0,0.0,0.0,0.0,0.0,0.0,0.0,0.0,0.0,0.0,0.0,0.0,0.0,0.0,0.0,1.0,0.0,0.0,0.0,0.0,0.0,0.0,0.0,0.0,0.0,0.0,0.0,0.0,0.0,0.0,0.0,0.0,0.0,0.0,0.0,0.0,0.0,1.0,0.0,0.0,0.0,3.0,0.0,3.0,0.0,0.0,0.0,0.0,0.0,0.0,0.0,0.0,0.0,1.0,0.0,0.0,0.0,0.0,0.0,0.0,0.0,3.0,0.0,0.0,1.0,0.0,0.0,0.0,1.0,0.0,0.0,0.0,0.0,0.0,1.0,1.0,0.0,0.0,0.0,0.0,0.0,1.0,0.0,0.0,0.0,0.0,0.0,0.0,0.0,0.0,0.0,0.0,0.0,0.0,0.0,0.0,20.0,0.0,0.0,0.0,0.0,2.0,0.0,0.0,0.0,0.0,0.0
腾讯ADQ-新意,205,0.0,0.0,5.0,10.0,0.0,0.0,8.0,6.0,0.0,0.0,0.0,0.0,0.0,0.0,0.0,1.0,0.0,16.0,0.0,0.0,0.0,0.0,2.0,0.0,0.0,0.0,0.0,0.0,0.0,0.0,0.0,0.0,0.0,0.0,0.0,1.0,0.0,1.0,0.0,0.0,0.0,0.0,0.0,0.0,0.0,4.0,0.0,0.0,2.0,0.0,0.0,0.0,2.0,0.0,0.0,3.0,12.0,0.0,2.0,0.0,2.0,0.0,0.0,1.0,0.0,12.0,0.0,7.0,2.0,1.0,21.0,11.0,0.0,5.0,0.0,0.0,0.0,6.0,0.0,1.0,0.0,6.0,0.0,1.0,0.0,0.0,0.0,1.0,0.0,6.0,0.0,23.0,0.0,0.0,6.0,1.0,0.0,2.0,6.0,0.0,0.0,0.0,6.0,0.0,5.0,0.0,0.0,9.0,0.0,4.0,0.0,10.0,12.0,0.0,0.0,0.0,0.0,0.0,0.0,4.0,2.0,1.0,0.0,8.0,0.0,0.0,206.0,1.0,0.0,4.0,0.0,6.0,0.0,0.0,4.0,0.0,0.0
腾讯ADQ-海南明舟,139,1.0,0.0,7.0,14.0,0.0,0.0,3.0,6.0,0.0,0.0,0.0,0.0,0.0,0.0,0.0,0.0,0.0,8.0,0.0,0.0,0.0,0.0,1.0,0.0,2.0,0.0,0.0,0.0,0.0,0.0,0.0,0.0,0.0,0.0,0.0,0.0,1.0,0.0,0.0,0.0,0.0,0.0,0.0,1.0,0.0,6.0,0.0,0.0,1.0,0.0,3.0,0.0,1.0,0.0,0.0,1.0,10.0,0.0,0.0,0.0,2.0,1.0,0.0,0.0,0.0,18.0,0.0,15.0,2.0,1.0,23.0,9.0,0.0,10.0,2.0,1.0,0.0,9.0,0.0,0.0,0.0,4.0,0.0,0.0,0.0,0.0,0.0,0.0,0.0,10.0,0.0,19.0,1.0,0.0,8.0,0.0,0.0,0.0,4.0,0.0,0.0,0.0,5.0,0.0,6.0,2.0,0.0,11.0,0.0,6.0,0.0,17.0,10.0,1.0,0.0,1.0,0.0,1.0,0.0,0.0,1.0,0.0,0.0,4.0,0.0,0.0,171.0,0.0,1.0,1.0,0.0,8.0,0.0,0.0,4.0,0.0,0.0
腾讯ADQ-盘龙,49,1.0,0.0,0.0,3.0,0.0,0.0,2.0,1.0,0.0,0.0,0.0,0.0,0.0,0.0,0.0,0.0,0.0,6.0,0.0,0.0,0.0,0.0,0.0,0.0,0.0,0.0,0.0,0.0,0.0,0.0,0.0,0.0,0.0,0.0,0.0,0.0,0.0,0.0,0.0,0.0,0.0,0.0,1.0,0.0,0.0,2.0,0.0,0.0,0.0,0.0,0.0,0.0,0.0,0.0,0.0,1.0,0.0,0.0,0.0,0.0,2.0,0.0,2.0,0.0,0.0,3.0,0.0,0.0,0.0,0.0,7.0,1.0,1.0,4.0,0.0,0.0,0.0,2.0,0.0,0.0,0.0,1.0,0.0,0.0,0.0,0.0,0.0,0.0,0.0,0.0,0.0,6.0,0.0,0.0,3.0,0.0,0.0,0.0,2.0,0.0,0.0,0.0,0.0,0.0,1.0,0.0,0.0,3.0,0.0,2.0,1.0,12.0,3.0,0.0,0.0,0.0,0.0,0.0,1.0,1.0,0.0,0.0,0.0,1.0,0.0,0.0,63.0,0.0,0.0,1.0,0.0,4.0,0.0,0.0,0.0,0.0,0.0
腾讯ADQ-聚胜,573,1.0,0.0,30.0,28.0,0.0,1.0,20.0,7.0,0.0,1.0,0.0,0.0,0.0,0.0,0.0,2.0,0.0,51.0,0.0,0.0,0.0,1.0,5.0,0.0,1.0,0.0,0.0,0.0,0.0,0.0,1.0,0.0,1.0,7.0,0.0,0.0,0.0,0.0,1.0,0.0,0.0,1.0,1.0,2.0,0.0,17.0,0.0,0.0,2.0,1.0,6.0,0.0,1.0,0.0,0.0,3.0,18.0,1.0,2.0,0.0,4.0,1.0,4.0,1.0,0.0,50.0,1.0,32.0,4.0,8.0,58.0,19.0,1.0,28.0,1.0,0.0,0.0,19.0,0.0,1.0,0.0,25.0,0.0,1.0,0.0,0.0,0.0,0.0,0.0,24.0,0.0,75.0,2.0,0.0,13.0,3.0,0.0,8.0,20.0,1.0,0.0,0.0,13.0,1.0,12.0,4.0,0.0,26.0,1.0,22.0,1.0,38.0,31.0,1.0,0.0,1.0,0.0,5.0,1.0,1.0,10.0,4.0,0.0,0.0,0.0,0.0,520.0,2.0,1.0,16.0,2.0,26.0,0.0,3.0,11.0,0.0,0.0
自然客流,33422,13.0,1.0,390.0,302.0,0.0,6.0,205.0,164.0,2.0,13.0,0.0,0.0,0.0,3.0,34.0,23.0,6.0,1001.0,1.0,0.0,3.0,15.0,90.0,9.0,21.0,3.0,0.0,17.0,2.0,0.0,8.0,0.0,2.0,22.0,1.0,24.0,4.0,6.0,9.0,12.0,0.0,0.0,93.0,30.0,0.0,462.0,0.0,0.0,47.0,1.0,23.0,8.0,20.0,0.0,2.0,28.0,159.0,1.0,30.0,0.0,61.0,2.0,8.0,5.0,11.0,183.0,6.0,392.0,75.0,35.0,1282.0,445.0,19.0,538.0,69.0,3.0,4.0,269.0,6.0,0.0,2.0,551.0,8.0,13.0,9.0,1.0,1.0,2.0,0.0,305.0,0.0,1907.0,20.0,0.0,380.0,33.0,1.0,136.0,431.0,19.0,4.0,18.0,236.0,4.0,317.0,77.0,0.0,650.0,9.0,441.0,15.0,958.0,538.0,20.0,4.0,18.0,0.0,28.0,7.0,33.0,26.0,21.0,0.0,75.0,4.0,0.0,0.0,4.0,54.0,297.0,39.0,688.0,10.0,22.0,254.0,2.0,0.0
视频号-达人矩阵,24,0.0,0.0,0.0,1.0,0.0,0.0,0.0,0.0,0.0,0.0,0.0,0.0,0.0,0.0,0.0,0.0,0.0,0.0,0.0,0.0,0.0,0.0,0.0,0.0,0.0,0.0,0.0,0.0,0.0,0.0,0.0,0.0,0.0,0.0,0.0,0.0,0.0,0.0,0.0,0.0,0.0,0.0,0.0,0.0,0.0,0.0,0.0,0.0,0.0,0.0,0.0,0.0,0.0,0.0,0.0,0.0,0.0,0.0,0.0,0.0,0.0,0.0,0.0,0.0,0.0,0.0,0.0,0.0,0.0,0.0,1.0,0.0,0.0,0.0,0.0,0.0,0.0,1.0,0.0,0.0,0.0,0.0,0.0,0.0,0.0,0.0,0.0,0.0,0.0,0.0,0.0,0.0,0.0,0.0,0.0,0.0,0.0,0.0,0.0,0.0,0.0,0.0,0.0,0.0,1.0,0.0,0.0,0.0,0.0,0.0,0.0,1.0,0.0,0.0,0.0,0.0,0.0,0.0,0.0,0.0,0.0,0.0,0.0,0.0,0.0,0.0,5.0,0.0,0.0,0.0,0.0,0.0,0.0,0.0,0.0,0.0,0.0
试驾会（门店）,6,0.0,0.0,0.0,0.0,0.0,0.0,3.0,0.0,0.0,0.0,0.0,0.0,0.0,0.0,0.0,0.0,0.0,0.0,0.0,0.0,0.0,0.0,0.0,0.0,0.0,0.0,0.0,0.0,0.0,0.0,0.0,0.0,0.0,0.0,0.0,0.0,0.0,0.0,0.0,0.0,0.0,0.0,0.0,0.0,0.0,0.0,0.0,0.0,0.0,0.0,0.0,0.0,0.0,0.0,0.0,0.0,0.0,0.0,0.0,0.0,0.0,0.0,0.0,0.0,0.0,0.0,0.0,0.0,0.0,0.0,0.0,0.0,0.0,0.0,0.0,0.0,0.0,0.0,0.0,0.0,0.0,0.0,0.0,0.0,0.0,0.0,0.0,0.0,0.0,0.0,0.0,0.0,0.0,0.0,0.0,0.0,0.0,0.0,0.0,0.0,0.0,0.0,0.0,0.0,0.0,0.0,0.0,0.0,0.0,0.0,0.0,0.0,0.0,0.0,0.0,0.0,0.0,0.0,0.0,0.0,0.0,0.0,0.0,0.0,0.0,0.0,1.0,0.0,0.0,0.0,0.0,0.0,0.0,0.0,0.0,0.0,0.0
车主活动推荐,866,2.0,0.0,6.0,1.0,0.0,0.0,4.0,1.0,0.0,0.0,0.0,0.0,0.0,0.0,0.0,0.0,0.0,12.0,0.0,0.0,0.0,0.0,2.0,0.0,0.0,0.0,0.0,0.0,0.0,0.0,0.0,0.0,0.0,0.0,0.0,1.0,1.0,0.0,0.0,0.0,0.0,0.0,2.0,0.0,0.0,8.0,0.0,0.0,1.0,1.0,2.0,0.0,1.0,0.0,0.0,0.0,3.0,0.0,1.0,0.0,1.0,0.0,0.0,0.0,0.0,4.0,0.0,6.0,1.0,0.0,11.0,5.0,0.0,6.0,0.0,0.0,0.0,4.0,0.0,0.0,0.0,8.0,0.0,1.0,0.0,0.0,0.0,0.0,0.0,2.0,0.0,26.0,0.0,0.0,4.0,2.0,0.0,1.0,5.0,0.0,0.0,0.0,1.0,0.0,4.0,0.0,0.0,11.0,0.0,9.0,0.0,8.0,2.0,0.0,0.0,0.0,0.0,0.0,1.0,2.0,0.0,0.0,0.0,0.0,0.0,0.0,116.0,0.0,1.0,0.0,0.0,9.0,0.0,0.0,2.0,0.0,0.0
车展,73,0.0,0.0,4.0,5.0,0.0,1.0,7.0,3.0,1.0,0.0,0.0,0.0,0.0,0.0,0.0,0.0,0.0,13.0,0.0,0.0,0.0,0.0,4.0,1.0,0.0,1.0,0.0,0.0,0.0,0.0,1.0,0.0,0.0,1.0,0.0,0.0,1.0,0.0,0.0,0.0,0.0,0.0,0.0,0.0,0.0,4.0,0.0,0.0,0.0,0.0,0.0,0.0,0.0,0.0,0.0,0.0,4.0,0.0,0.0,0.0,0.0,0.0,1.0,0.0,0.0,6.0,0.0,6.0,2.0,2.0,18.0,10.0,0.0,3.0,1.0,0.0,0.0,2.0,0.0,0.0,0.0,7.0,0.0,0.0,0.0,0.0,0.0,0.0,0.0,2.0,0.0,18.0,0.0,0.0,5.0,0.0,0.0,0.0,1.0,1.0,0.0,0.0,2.0,0.0,3.0,2.0,0.0,6.0,0.0,10.0,0.0,4.0,6.0,0.0,0.0,0.0,0.0,0.0,0.0,0.0,0.0,1.0,0.0,1.0,0.0,0.0,134.0,0.0,0.0,2.0,0.0,12.0,0.0,0.0,3.0,0.0,0.0
车展（门店）,1622,0.0,0.0,14.0,21.0,0.0,0.0,13.0,8.0,0.0,1.0,0.0,0.0,0.0,0.0,0.0,1.0,1.0,38.0,0.0,0.0,0.0,0.0,5.0,0.0,2.0,1.0,0.0,1.0,0.0,0.0,0.0,0.0,0.0,0.0,0.0,0.0,0.0,0.0,0.0,0.0,0.0,0.0,6.0,0.0,0.0,28.0,0.0,0.0,2.0,0.0,2.0,1.0,2.0,0.0,0.0,0.0,12.0,1.0,0.0,0.0,3.0,1.0,3.0,2.0,0.0,17.0,0.0,21.0,9.0,2.0,42.0,29.0,1.0,26.0,4.0,0.0,1.0,14.0,0.0,0.0,0.0,31.0,0.0,0.0,0.0,0.0,0.0,0.0,0.0,15.0,0.0,94.0,2.0,0.0,22.0,5.0,0.0,4.0,31.0,0.0,0.0,0.0,10.0,0.0,14.0,5.0,0.0,48.0,1.0,18.0,2.0,35.0,25.0,0.0,1.0,3.0,0.0,0.0,1.0,5.0,2.0,0.0,1.0,6.0,0.0,0.0,434.0,0.0,0.0,10.0,0.0,0.0,0.0,1.0,10.0,0.0,0.0
达人获客-潮驱,30,0.0,0.0,0.0,0.0,0.0,0.0,0.0,0.0,0.0,0.0,0.0,0.0,0.0,0.0,0.0,0.0,0.0,0.0,0.0,0.0,0.0,0.0,0.0,0.0,0.0,0.0,0.0,0.0,0.0,0.0,0.0,0.0,0.0,0.0,0.0,0.0,0.0,0.0,0.0,0.0,0.0,0.0,0.0,0.0,0.0,1.0,0.0,0.0,0.0,0.0,1.0,0.0,0.0,0.0,0.0,0.0,1.0,0.0,0.0,0.0,0.0,0.0,0.0,0.0,0.0,1.0,0.0,2.0,1.0,0.0,1.0,1.0,0.0,0.0,0.0,0.0,0.0,3.0,0.0,0.0,0.0,4.0,0.0,0.0,0.0,0.0,0.0,0.0,0.0,1.0,0.0,3.0,0.0,0.0,1.0,0.0,0.0,0.0,1.0,0.0,0.0,0.0,2.0,0.0,1.0,1.0,0.0,0.0,0.0,1.0,0.0,2.0,4.0,0.0,0.0,0.0,0.0,0.0,0.0,0.0,0.0,0.0,0.0,0.0,0.0,0.0,23.0,0.0,0.0,0.0,0.0,0.0,0.0,0.0,0.0,0.0,0.0
邀请落地页-试乘试驾,48,0.0,0.0,9.0,5.0,0.0,0.0,0.0,0.0,0.0,0.0,0.0,0.0,0.0,0.0,0.0,0.0,0.0,15.0,0.0,0.0,0.0,0.0,1.0,0.0,2.0,1.0,0.0,0.0,0.0,0.0,0.0,0.0,0.0,0.0,0.0,0.0,0.0,0.0,2.0,0.0,0.0,0.0,0.0,0.0,0.0,5.0,0.0,0.0,0.0,0.0,0.0,0.0,0.0,0.0,0.0,0.0,2.0,0.0,0.0,0.0,1.0,0.0,0.0,0.0,0.0,5.0,0.0,7.0,2.0,0.0,20.0,5.0,0.0,9.0,2.0,0.0,0.0,6.0,0.0,0.0,0.0,12.0,0.0,0.0,0.0,0.0,0.0,0.0,0.0,5.0,0.0,25.0,0.0,0.0,5.0,0.0,0.0,0.0,2.0,1.0,0.0,0.0,2.0,0.0,6.0,2.0,0.0,17.0,1.0,12.0,1.0,8.0,7.0,0.0,0.0,1.0,0.0,0.0,0.0,0.0,0.0,0.0,0.0,2.0,0.0,0.0,135.0,0.0,2.0,5.0,0.0,21.0,0.0,0.0,2.0,0.0,0.0
门店战败激活,277,0.0,0.0,61.0,41.0,0.0,1.0,29.0,21.0,0.0,0.0,0.0,0.0,0.0,0.0,0.0,5.0,0.0,189.0,1.0,1.0,2.0,1.0,31.0,1.0,13.0,0.0,1.0,0.0,0.0,0.0,3.0,0.0,0.0,3.0,0.0,14.0,2.0,0.0,2.0,2.0,0.0,0.0,4.0,7.0,0.0,46.0,0.0,0.0,5.0,2.0,13.0,4.0,5.0,0.0,1.0,5.0,15.0,1.0,3.0,0.0,9.0,1.0,4.0,0.0,9.0,48.0,1.0,108.0,16.0,4.0,174.0,46.0,7.0,72.0,14.0,1.0,0.0,47.0,0.0,0.0,0.0,56.0,1.0,1.0,1.0,0.0,0.0,0.0,0.0,56.0,0.0,135.0,0.0,2.0,34.0,3.0,0.0,6.0,40.0,1.0,0.0,8.0,55.0,2.0,31.0,10.0,0.0,142.0,4.0,48.0,1.0,148.0,65.0,6.0,0.0,5.0,2.0,2.0,1.0,13.0,7.0,3.0,0.0,10.0,5.0,0.0,1578.0,1.0,2.0,30.0,4.0,67.0,0.0,2.0,0.0,0.0,0.0
集团客户,2,0.0,0.0,0.0,0.0,0.0,0.0,0.0,0.0,0.0,0.0,0.0,0.0,0.0,0.0,0.0,0.0,0.0,0.0,0.0,0.0,0.0,0.0,0.0,0.0,0.0,0.0,0.0,0.0,0.0,0.0,0.0,0.0,0.0,0.0,0.0,0.0,0.0,0.0,0.0,0.0,0.0,0.0,0.0,0.0,0.0,0.0,0.0,0.0,0.0,0.0,0.0,0.0,0.0,0.0,0.0,0.0,0.0,0.0,0.0,0.0,0.0,0.0,0.0,0.0,0.0,0.0,0.0,0.0,0.0,0.0,0.0,0.0,0.0,0.0,0.0,0.0,0.0,1.0,0.0,0.0,0.0,0.0,0.0,0.0,0.0,0.0,0.0,0.0,0.0,0.0,0.0,0.0,0.0,0.0,0.0,0.0,0.0,0.0,0.0,0.0,0.0,0.0,0.0,0.0,0.0,0.0,0.0,0.0,0.0,0.0,0.0,0.0,0.0,0.0,0.0,0.0,0.0,0.0,0.0,0.0,0.0,0.0,0.0,0.0,0.0,0.0,0.0,0.0,0.0,0.0,0.0,0.0,0.0,0.0,0.0,0.0,0.0
高意向线索,9,0.0,0.0,0.0,1.0,0.0,0.0,0.0,1.0,0.0,0.0,0.0,0.0,0.0,0.0,0.0,0.0,0.0,1.0,0.0,0.0,0.0,0.0,0.0,0.0,0.0,0.0,0.0,0.0,0.0,0.0,0.0,0.0,0.0,0.0,0.0,0.0,0.0,0.0,0.0,0.0,0.0,0.0,0.0,0.0,0.0,0.0,0.0,0.0,0.0,0.0,0.0,0.0,0.0,0.0,0.0,0.0,0.0,0.0,0.0,0.0,0.0,0.0,0.0,0.0,0.0,0.0,0.0,0.0,0.0,0.0,0.0,1.0,0.0,0.0,0.0,0.0,0.0,0.0,0.0,0.0,0.0,0.0,0.0,0.0,0.0,0.0,0.0,0.0,0.0,1.0,0.0,1.0,0.0,0.0,0.0,0.0,0.0,0.0,0.0,0.0,0.0,0.0,0.0,0.0,0.0,0.0,0.0,0.0,0.0,0.0,0.0,0.0,1.0,0.0,0.0,0.0,0.0,0.0,0.0,0.0,0.0,0.0,0.0,0.0,0.0,0.0,11.0,0.0,0.0,0.0,0.0,1.0,0.0,1.0,0.0,0.0,0.0
