lc_small_channel_name,主锁单标记,md5_辅助锁单,Total Contribution,Assist Ratio,Role Assessment
自然客流,33420,10715,44135,0.24277784071598504,Strong Closer (Direct Lock dominant)
APP-试乘试驾,1061,9769,10830,0.9020313942751615,Strong Assister (Assisted Lock dominant)
新媒体-抖音,6625,4190,10815,0.3874248728617661,Balanced Contributor
抖音-矩阵,2167,5367,7534,0.7123705866737456,Strong Assister (Assisted Lock dominant)
意向金,4384,1995,6379,0.31274494434864397,Balanced Contributor
APP,2290,3576,5866,0.6096147289464712,Balanced Contributor
懂车帝卖车通,1797,3739,5536,0.6753973988439307,Balanced Contributor
Popup（门店）,3146,2165,5311,0.4076445113914517,Balanced Contributor
战败激活,661,4535,5196,0.8727867590454196,Strong Assister (Assisted Lock dominant)
小程序留资,937,4250,5187,0.8193560825139773,Strong Assister (Assisted Lock dominant)
用户裂变,2721,2291,5012,0.4571029529130088,Balanced Contributor
易车伙伴网单,1873,2632,4505,0.5842397336293008,Balanced Contributor
活动自然参与,2366,2138,4504,0.4746891651865009,Balanced Contributor
心愿单,910,3077,3987,0.7717582141961374,Strong Assister (Assisted Lock dominant)
汽车之家车商汇,1064,2852,3916,0.72829417773238,Strong Assister (Assisted Lock dominant)
APP行为激活,522,2973,3495,0.8506437768240344,Strong Assister (Assisted Lock dominant)
地推（门店）,1420,2020,3440,0.5872093023255814,Balanced Contributor
懂车帝,1356,1551,2907,0.5335397316821465,Balanced Contributor
门店战败激活,277,2595,2872,0.9035515320334262,Strong Assister (Assisted Lock dominant)
车展（门店）,1622,1096,2718,0.4032376747608536,Balanced Contributor
直接大定,2336,374,2710,0.13800738007380073,Strong Closer (Direct Lock dominant)
APP留资,848,1584,2432,0.6513157894736842,Balanced Contributor
易车,1348,1005,2353,0.42711432214194645,Balanced Contributor
总部孵化线索,105,2131,2236,0.9530411449016101,Strong Assister (Assisted Lock dominant)
微信小程序-试乘试驾,702,1344,2046,0.656891495601173,Balanced Contributor
直播基地-N个点子,528,1513,2041,0.7413032827045566,Strong Assister (Assisted Lock dominant)
易车伙伴400,510,1486,1996,0.7444889779559118,Strong Assister (Assisted Lock dominant)
腾讯ADQ-聚胜,573,1364,1937,0.7041817243159525,Strong Assister (Assisted Lock dominant)
IM智己汽车,472,1373,1845,0.7441734417344174,Strong Assister (Assisted Lock dominant)
新媒体-小红书,894,894,1788,0.5,Balanced Contributor
小红书私信,328,1443,1771,0.8147939017504235,Strong Assister (Assisted Lock dominant)
汽车之家,713,1022,1735,0.5890489913544669,Balanced Contributor
总部孵化,320,1046,1366,0.7657393850658858,Strong Assister (Assisted Lock dominant)
车主活动推荐,866,293,1159,0.2528041415012942,Strong Closer (Direct Lock dominant)
字节APP,690,432,1122,0.3850267379679144,Balanced Contributor
品牌投放-百度购车宝,678,284,962,0.29521829521829523,Strong Closer (Direct Lock dominant)
直播客服,309,640,949,0.6743940990516333,Balanced Contributor
小红书-矩阵,160,709,869,0.8158803222094362,Strong Assister (Assisted Lock dominant)
汽车之家车商汇400,272,560,832,0.6730769230769231,Balanced Contributor
智己汽车官方直播,248,538,786,0.6844783715012722,Balanced Contributor
直播基地-吉生活,171,534,705,0.7574468085106383,Strong Assister (Assisted Lock dominant)
腾讯ADQ-新意,205,460,665,0.6917293233082706,Balanced Contributor
LS6-66度客户激活,8,632,640,0.9875,Strong Assister (Assisted Lock dominant)
懂车帝卖车通-400,195,431,626,0.6884984025559105,Balanced Contributor
腾讯ADQ-海南明舟,138,450,588,0.7653061224489796,Strong Assister (Assisted Lock dominant)
直播基地-梦想驾,317,271,588,0.4608843537414966,Balanced Contributor
易车-效果,194,313,507,0.6173570019723866,Balanced Contributor
IM智己|未来智舱,127,345,472,0.7309322033898306,Strong Assister (Assisted Lock dominant)
邀请落地页-试乘试驾,48,351,399,0.8796992481203008,Strong Assister (Assisted Lock dominant)
车展,73,291,364,0.7994505494505495,Strong Assister (Assisted Lock dominant)
直播基地-新华网,122,239,361,0.6620498614958449,Balanced Contributor
智己生活家,118,239,357,0.6694677871148459,Balanced Contributor
私人管家,96,221,317,0.6971608832807571,Balanced Contributor
品牌投放-微信搜一搜,157,155,312,0.4967948717948718,Balanced Contributor
异地线索,47,229,276,0.8297101449275363,Strong Assister (Assisted Lock dominant)
B站效果应用推广,159,107,266,0.40225563909774437,Balanced Contributor
微信视频号-直播,115,148,263,0.5627376425855514,Balanced Contributor
信息流-短视频,72,173,245,0.7061224489795919,Strong Assister (Assisted Lock dominant)
品牌投放-懂车帝,48,182,230,0.7913043478260869,Strong Assister (Assisted Lock dominant)
IM智己达人车主种草,99,129,228,0.5657894736842105,Balanced Contributor
懂车帝生服,14,201,215,0.9348837209302325,Strong Assister (Assisted Lock dominant)
JD汽车,137,77,214,0.3598130841121495,Balanced Contributor
腾讯ADQ-盘龙,49,143,192,0.7447916666666666,Strong Assister (Assisted Lock dominant)
直播基地-云梯,52,138,190,0.7263157894736842,Strong Assister (Assisted Lock dominant)
直播基地-祥隆,27,159,186,0.8548387096774194,Strong Assister (Assisted Lock dominant)
400留资,46,138,184,0.75,Strong Assister (Assisted Lock dominant)
商圈主动拓客,86,95,181,0.5248618784530387,Balanced Contributor
新媒体-视频号,97,45,142,0.31690140845070425,Balanced Contributor
官网-试乘试驾,62,74,136,0.5441176470588235,Balanced Contributor
品牌投放-爱卡汽车,111,19,130,0.14615384615384616,Strong Closer (Direct Lock dominant)
品牌投放-抖音,29,96,125,0.768,Strong Assister (Assisted Lock dominant)
直播基地-星星,42,73,115,0.6347826086956522,Balanced Contributor
直播基地-嘉鹿,31,68,99,0.6868686868686869,Balanced Contributor
微信服务号-,15,73,88,0.8295454545454546,Strong Assister (Assisted Lock dominant)
抖音小程序,22,65,87,0.7471264367816092,Strong Assister (Assisted Lock dominant)
直播基地-蓝思,35,52,87,0.5977011494252874,Balanced Contributor
友享,0,84,84,1.0,Strong Assister (Assisted Lock dominant)
达人获客-潮驱,30,54,84,0.6428571428571429,Balanced Contributor
品牌投放-58汽车,65,18,83,0.21686746987951808,Strong Closer (Direct Lock dominant)
经销商保客,29,44,73,0.6027397260273972,Balanced Contributor
品牌投放-汽车之家,18,55,73,0.7534246575342466,Strong Assister (Assisted Lock dominant)
品牌投放-易车,47,22,69,0.3188405797101449,Balanced Contributor
微信公众号,31,37,68,0.5441176470588235,Balanced Contributor
小红书圈层活动,9,52,61,0.8524590163934426,Strong Assister (Assisted Lock dominant)
朋友圈投放（区域）,34,21,55,0.38181818181818183,Balanced Contributor
汽车金融平台,4,48,52,0.9230769230769231,Strong Assister (Assisted Lock dominant)
百度-搜索SEM竞价,32,13,45,0.28888888888888886,Strong Closer (Direct Lock dominant)
巨懂车,23,21,44,0.4772727272727273,Balanced Contributor
大模型线索挖掘,24,19,43,0.4418604651162791,Balanced Contributor
户外电梯广告,9,25,34,0.7352941176470589,Strong Assister (Assisted Lock dominant)
视频号-达人矩阵,24,10,34,0.29411764705882354,Strong Closer (Direct Lock dominant)
B站官号,11,21,32,0.65625,Balanced Contributor
三垂投放（区域）,7,22,29,0.7586206896551724,Strong Assister (Assisted Lock dominant)
智己福利社,9,20,29,0.6896551724137931,Balanced Contributor
高意向线索,9,20,29,0.6896551724137931,Balanced Contributor
抖音达人运营,10,18,28,0.6428571428571429,Balanced Contributor
头条-号外,11,13,24,0.5416666666666666,Balanced Contributor
AIGC名片,4,15,19,0.7894736842105263,Strong Assister (Assisted Lock dominant)
抖音引流短视频,2,17,19,0.8947368421052632,Strong Assister (Assisted Lock dominant)
新媒体-快手,1,13,14,0.9285714285714286,Strong Assister (Assisted Lock dominant)
抖音达人直播,2,11,13,0.8461538461538461,Strong Assister (Assisted Lock dominant)
抖音本地生活服务,8,5,13,0.38461538461538464,Balanced Contributor
汽车之家-效果,0,13,13,1.0,Strong Assister (Assisted Lock dominant)
户外媒体,0,13,13,1.0,Strong Assister (Assisted Lock dominant)
企微投放（门店）,2,8,10,0.8,Strong Assister (Assisted Lock dominant)
抖音来客电商,5,4,9,0.4444444444444444,Balanced Contributor
品牌-微信视频号,4,5,9,0.5555555555555556,Balanced Contributor
B站-直播,3,5,8,0.625,Balanced Contributor
试驾会（门店）,6,2,8,0.25,Strong Closer (Direct Lock dominant)
品牌投放-头条,2,6,8,0.75,Strong Assister (Assisted Lock dominant)
快手直播,3,4,7,0.5714285714285714,Balanced Contributor
B站达人视频,3,4,7,0.5714285714285714,Balanced Contributor
品牌投放-微博,3,3,6,0.5,Balanced Contributor
懂车帝-效果联盟,1,4,5,0.8,Strong Assister (Assisted Lock dominant)
其他活动（门店）,1,3,4,0.75,Strong Assister (Assisted Lock dominant)
字节效果-盘龙留资,2,1,3,0.3333333333333333,Balanced Contributor
集团客户,2,1,3,0.3333333333333333,Balanced Contributor
小红书-效果,2,0,2,0.0,Strong Closer (Direct Lock dominant)
B站效果投放,2,0,2,0.0,Strong Closer (Direct Lock dominant)
官网留资,0,1,1,1.0,Strong Assister (Assisted Lock dominant)
上财（门店）,0,1,1,1.0,Strong Assister (Assisted Lock dominant)
字节效果-星声场留资,1,0,1,0.0,Strong Closer (Direct Lock dominant)
微信小程序,0,1,1,1.0,Strong Assister (Assisted Lock dominant)
内部员工,0,1,1,1.0,Strong Assister (Assisted Lock dominant)
抖音小程序-试乘试驾,0,1,1,1.0,Strong Assister (Assisted Lock dominant)
视频号-智己汽车官方直播间,0,0,0,0.0,No Contribution
喜马拉雅效果-测试,0,0,0,0.0,No Contribution
品牌投放-百度地图,0,0,0,0.0,No Contribution
快手-矩阵,0,0,0,0.0,No Contribution
品牌投放-百度品专,0,0,0,0.0,No Contribution
抖音-种草通竞价,0,0,0,0.0,No Contribution
CSOP活动,0,0,0,0.0,No Contribution
服务行业,0,0,0,0.0,No Contribution
抖音-内容热推,0,0,0,0.0,No Contribution
Popup,0,0,0,0.0,No Contribution
产销协调专用,0,0,0,0.0,No Contribution
品牌投放-哔哩哔哩,0,0,0,0.0,No Contribution
三方线索挖掘,0,0,0,0.0,No Contribution
上汽保险,0,0,0,0.0,No Contribution
上财,0,0,0,0.0,No Contribution
品牌投放-BFS线索补量,0,0,0,0.0,No Contribution
懂车帝置换,0,0,0,0.0,No Contribution
矩阵号直播,0,0,0,0.0,No Contribution
产品专家,0,0,0,0.0,No Contribution
头条小程序,0,0,0,0.0,No Contribution
团购-智己官方直播间,0,0,0,0.0,No Contribution
