session,start_time,end_time,duration,unique_leads,全场景商机数,曝光人数,场观,小风车点击次数,广告消耗,CPL,CPLO,点击转化率,曝光转化率
2月2日9点,2026-02-02 09:00:00,2026-02-02 12:00:09,0 days 03:00:09,29,51.0,35021,4449.0,239.0,6849.15,236.17758620689654,134.2970588235294,0.12133891213389121,0.0008280745838211359
2月2日12点,2026-02-02 12:00:00,2026-02-02 14:59:55,0 days 02:59:55,8,25.0,37908,4399.0,167.0,6663.35,832.91875,266.534,0.04790419161676647,0.00021103724807428512
2月2日16点,2026-02-02 16:00:00,2026-02-02 18:59:57,0 days 02:59:57,13,30.0,47996,4539.0,186.0,5558.56,427.5815384615385,185.28533333333334,0.06989247311827956,0.00027085590465872155
2月2日20点,2026-02-02 20:00:00,2026-02-02 23:00:13,0 days 03:00:13,24,56.0,57758,9143.0,121.0,8346.0,347.75,149.03571428571428,0.19834710743801653,0.00041552685342290243
2月3日8点,2026-02-03 08:00:00,2026-02-03 11:00:35,0 days 03:00:35,10,26.0,27958,2965.0,124.0,5725.01,572.501,220.1926923076923,0.08064516129032258,0.0003576793762071679
2月3日12点,2026-02-03 12:00:00,2026-02-03 14:59:48,0 days 02:59:48,19,51.0,27166,3463.0,163.0,4477.48,235.65684210526314,87.79372549019607,0.1165644171779141,0.0006994036663476404
2月3日16点,2026-02-03 16:00:00,2026-02-03 18:59:51,0 days 02:59:51,22,48.0,60079,8738.0,224.0,9008.78,409.49,187.68291666666667,0.09821428571428571,0.0003661845237104479
2月3日20点,2026-02-03 20:00:00,2026-02-03 22:59:56,0 days 02:59:56,26,43.0,89067,14963.0,193.0,11156.96,429.1138461538461,259.4641860465116,0.13471502590673576,0.0002919150751681319
2月4日9点,2026-02-04 09:00:00,2026-02-04 12:00:22,0 days 03:00:22,26,61.0,75717,9077.0,184.0,10754.63,413.63961538461535,176.30540983606556,0.14130434782608695,0.0003433839164256376
2月4日12点,2026-02-04 12:00:00,2026-02-04 14:59:35,0 days 02:59:35,21,44.0,72157,10722.0,167.0,10128.81,482.3242857142857,230.20022727272726,0.12574850299401197,0.0002910320551020691
2月4日15点,2026-02-04 15:00:00,2026-02-04 18:00:15,0 days 03:00:15,20,58.0,65876,7649.0,274.0,11267.65,563.3824999999999,194.2698275862069,0.072992700729927,0.0003036007043536341
2月4日19点,2026-02-04 19:00:00,2026-02-04 22:00:03,0 days 03:00:03,32,51.0,106780,17001.0,350.0,11192.44,349.76375,219.45960784313726,0.09142857142857143,0.00029968158831241803
2月5日9点,2026-02-05 09:00:00,2026-02-05 11:59:55,0 days 02:59:55,18,36.0,28964,4026.0,175.0,6829.03,379.3905555555555,189.69527777777776,0.10285714285714286,0.0006214611241541223
2月5日12点,2026-02-05 12:00:00,2026-02-05 15:00:11,0 days 03:00:11,28,44.0,35918,4725.0,192.0,7501.14,267.89785714285716,170.48045454545456,0.14583333333333334,0.0007795534272509605
2月5日16点,2026-02-05 16:00:00,2026-02-05 18:59:56,0 days 02:59:56,17,38.0,51047,7646.0,172.0,7449.76,438.22117647058826,196.04631578947368,0.09883720930232558,0.0003330264266264423
2月5日20点,2026-02-05 20:00:00,2026-02-05 23:00:02,0 days 03:00:02,42,77.0,96720,15250.0,399.0,11161.41,265.74785714285713,144.9533766233766,0.10526315789473684,0.00043424317617866005
2月6日9点,2026-02-06 09:00:00,2026-02-06 11:59:35,0 days 02:59:35,12,42.0,38545,5136.0,143.0,7428.01,619.0008333333334,176.85738095238096,0.08391608391608392,0.0003113244259955896
2月6日12点,2026-02-06 12:00:00,2026-02-06 14:59:26,0 days 02:59:26,15,32.0,41221,6559.0,127.0,6548.93,436.5953333333334,204.6540625,0.11811023622047244,0.00036389219087358386
2月6日16点,2026-02-06 16:00:00,2026-02-06 18:59:57,0 days 02:59:57,19,36.0,49294,7019.0,234.0,6781.14,356.9021052631579,188.365,0.0811965811965812,0.0003854424473566763
2月6日20点,2026-02-06 20:00:00,2026-02-06 23:00:02,0 days 03:00:02,34,56.0,71934,13458.0,316.0,9317.05,274.03088235294115,166.37589285714284,0.10759493670886076,0.0004726554897544972
2月6日23点,2026-02-06 23:00:00,2026-02-06 23:03:13,0 days 00:03:13,0,0.0,1,1.0,0.0,0.0,0.0,0.0,0.0,0.0
2月9日8点,2026-02-09 08:00:00,2026-02-09 11:00:12,0 days 03:00:12,26,69.0,60650,9108.0,243.0,9460.89,363.88038461538457,137.11434782608694,0.10699588477366255,0.0004286892003297609
2月9日11点,2026-02-09 11:00:00,2026-02-09 13:59:59,0 days 02:59:59,4,21.0,37332,2829.0,243.0,4590.46,1147.615,218.59333333333333,0.01646090534979424,0.00010714668381013607
2月9日15点,2026-02-09 15:00:00,2026-02-09 17:59:56,0 days 02:59:56,13,27.0,48500,5560.0,137.0,6473.01,497.92384615384617,239.7411111111111,0.0948905109489051,0.00026804123711340205
2月10日12点,2026-02-10 12:00:00,2026-02-10 15:00:01,0 days 03:00:01,16,47.0,46088,6183.0,167.0,7889.35,493.084375,167.85851063829787,0.09580838323353294,0.0003471619510501649
2月10日16点,2026-02-10 16:00:00,2026-02-10 18:59:57,0 days 02:59:57,18,33.0,52359,6655.0,190.0,7716.26,428.68111111111114,233.82606060606062,0.09473684210526316,0.000343780438893027
2月10日19点,2026-02-10 19:00:00,2026-02-10 20:40:27,0 days 01:40:27,8,20.0,39217,7368.0,239.0,4631.7,578.9625,231.58499999999998,0.03347280334728033,0.00020399316622893133
2月11日8点,2026-02-11 08:00:00,2026-02-11 11:00:12,0 days 03:00:12,16,45.0,45579,8233.0,174.0,5325.9,332.86875,118.35333333333332,0.09195402298850575,0.0003510388556133307
2月11日11点,2026-02-11 11:00:00,2026-02-11 14:00:16,0 days 03:00:16,13,31.0,51421,9903.0,101.0,5688.4,437.5692307692307,183.49677419354836,0.12871287128712872,0.0002528149977635596
2月12日12点,2026-02-12 12:00:00,2026-02-12 15:00:03,0 days 03:00:03,17,30.0,43173,6353.0,116.0,5923.13,348.4194117647059,197.43766666666667,0.14655172413793102,0.00039376462140689784
2月12日16点,2026-02-12 16:00:00,2026-02-12 19:00:11,0 days 03:00:11,23,36.0,61047,10763.0,135.0,6445.94,280.2582608695652,179.05388888888888,0.17037037037037037,0.00037675889069077926
2月12日19点,2026-02-12 19:00:00,2026-02-12 22:00:36,0 days 03:00:36,19,44.0,102233,24607.0,246.0,9250.86,486.88736842105266,210.24681818181818,0.07723577235772358,0.000185849970166189
2月13日12点,2026-02-13 12:00:00,2026-02-13 15:01:10,0 days 03:01:10,7,21.0,40975,5424.0,134.0,4931.48,704.4971428571428,234.83238095238093,0.05223880597014925,0.0001708358755338621
2月13日16点,2026-02-13 16:00:00,2026-02-13 18:59:57,0 days 02:59:57,32,51.0,89977,14236.0,375.0,9064.16,283.255,177.72862745098038,0.08533333333333333,0.0003556464429798726
2月13日20点,2026-02-13 20:00:00,2026-02-13 22:59:57,0 days 02:59:57,34,57.0,141543,25951.0,419.0,9491.84,279.17176470588237,166.52350877192984,0.081145584725537,0.00024020968892845285
2月24日9点,2026-02-24 09:00:00,2026-02-24 12:00:36,0 days 03:00:36,22,65.0,66820,10058.0,110.0,9213.71,418.80499999999995,141.7493846153846,0.2,0.0003292427416941036
2月24日12点,2026-02-24 12:00:00,2026-02-24 15:00:01,0 days 03:00:01,31,57.0,102404,13992.0,232.0,10436.65,336.666129032258,183.09912280701755,0.1336206896551724,0.00030272254990039454
2月24日16点,2026-02-24 16:00:00,2026-02-24 18:59:26,0 days 02:59:26,56,104.0,140521,18177.0,449.0,14788.33,264.07732142857145,142.19548076923076,0.12472160356347439,0.000398516947644836
2月24日20点,2026-02-24 20:00:00,2026-02-24 23:00:01,0 days 03:00:01,28,42.0,136298,15729.0,152.0,9475.74,338.4192857142857,225.61285714285714,0.18421052631578946,0.00020543221470601183
2月25日8点,2026-02-25 08:00:00,2026-02-25 11:00:30,0 days 03:00:30,13,38.0,58070,8534.0,178.0,7442.32,572.4861538461538,195.85052631578947,0.07303370786516854,0.00022386774582400552
2月25日12点,2026-02-25 12:00:00,2026-02-25 15:00:04,0 days 03:00:04,14,41.0,80260,12032.0,236.0,10639.97,759.9978571428571,259.51146341463414,0.059322033898305086,0.000174433092449539
2月25日16点,2026-02-25 16:00:00,2026-02-25 19:00:14,0 days 03:00:14,36,59.0,127737,17180.0,244.0,10819.61,300.5447222222222,183.38322033898305,0.14754098360655737,0.0002818290706686395
2月25日20点,2026-02-25 20:00:00,2026-02-25 23:00:02,0 days 03:00:02,66,105.0,180861,22415.0,641.0,16819.97,254.84803030303033,160.19019047619048,0.1029641185647426,0.0003649211272745368
2月26日8点,2026-02-26 08:00:00,2026-02-26 10:31:50,0 days 02:31:50,17,64.0,64765,11656.0,162.0,8299.84,488.2258823529412,129.685,0.10493827160493827,0.0002624874546437119
2月26日12点,2026-02-26 12:00:00,2026-02-26 15:00:05,0 days 03:00:05,28,52.0,90614,13192.0,100.0,10376.37,370.5846428571429,199.54557692307694,0.28,0.00030900302381530446
2月26日16点,2026-02-26 16:00:00,2026-02-26 18:59:59,0 days 02:59:59,15,44.0,74454,8629.0,131.0,7000.07,466.67133333333334,159.0925,0.11450381679389313,0.00020146667741155613
2月26日20点,2026-02-26 20:00:00,2026-02-26 22:59:55,0 days 02:59:55,64,107.0,172319,20905.0,569.0,13971.29,218.30140625,130.57280373831776,0.11247803163444639,0.00037140419802807585
2月27日8点,2026-02-27 08:00:00,2026-02-27 10:59:58,0 days 02:59:58,0,69.0,131167,14657.0,256.0,11193.68,0.0,162.2272463768116,0.0,0.0
2月27日12点,2026-02-27 12:00:00,2026-02-27 14:59:59,0 days 02:59:59,0,32.0,102044,12297.0,219.0,8611.38,0.0,269.105625,0.0,0.0
2月27日16点,2026-02-27 16:00:00,2026-02-27 19:01:26,0 days 03:01:26,0,44.0,105491,14718.0,355.0,9119.81,0.0,207.26840909090907,0.0,0.0
2月27日19点,2026-02-27 19:00:00,2026-02-27 21:59:38,0 days 02:59:38,0,43.0,100127,15447.0,339.0,7224.38,0.0,168.00883720930233,0.0,0.0
2月28日9点,2026-02-28 09:00:00,2026-02-28 14:59:37,0 days 05:59:37,0,125.0,139572,19824.0,386.0,19656.77,0.0,157.25416,0.0,0.0
2月28日16点,2026-02-28 16:00:00,2026-02-28 19:00:46,0 days 03:00:46,0,55.0,83138,12274.0,215.0,8459.4,0.0,153.80727272727273,0.0,0.0
2月28日20点,2026-02-28 20:00:00,2026-02-28 22:59:32,0 days 02:59:32,0,43.0,101051,14586.0,195.0,6339.05,0.0,147.41976744186047,0.0,0.0
